item_no,item_title,source_pages,source_pdf,test_item,materials,method,domain,domain_code,standard,score_options,ocr_status
1,（1） 旋开瓶盖,4,PEP-3使用册(1).pdf,（1） 旋开瓶盖,肥皂泡液,"测试员把瓶放在桌子上，说：「呢啲
系番枧泡。」（这些是肥皂泡液。）将
瓶交给儿童，以手势示意儿童旋开瓶
盖。若儿童未能完成，测试员示范1
次，并指示儿童模仿。",小肌肉,FM,"2- 能自行旋开瓶盖
1- 未能旋开瓶盖，但作出所需动作（即把手放在
瓶盖上并作出旋动动作）
0- 未能旋开瓶盖或作出所需动作",2/1/0,OCR草稿，需人工校对
2,（2） 吹肥皂泡,4,PEP-3使用册(1).pdf,（2） 吹肥皂泡,"同上＋肥皂泡
棒","测试员示范吹肥皂泡的方法，然后把
肥皂泡棒交给儿童，说：「你吹泡泡
呀。」（你吹肥皂泡液吧。）",小肌肉,FM,"2- 能成功地吹出肥皂泡
1- 未能成功地吹出肥皂泡，但有吹泡时所需的动
作（即持肥皂泡棒于口边，端出嘴唇，吹气）
0- 未能成功地吹出肥皂泡，亦未作出吹肥皂泡
所需动作",2/1/0,OCR草稿，需人工校对
3,（3） 目光追视,4,PEP-3使用册(1).pdf,（3） 目光追视,同上,"观察：
于进行第（2）项活动的同时，观察儿
童有否追视肥皂泡的移动。",小肌肉,FM,"2- 能明显地追视肥皂泡移动
1- 偶有注视肥皂泡移动，但为时甚短
0- 未能或没有尝试追视肥皂泡",2/1/0,OCR草稿，需人工校对
4,（4） 目光追视跨越中线,4,PEP-3使用册(1).pdf,（4） 目光追视跨越中线,"肥皂泡棒及肥
皂泡，或儿童
有兴趣之其他
物件","测试员把带有肥皂泡之吹泡圈或其他
儿童感兴趣的物件，在儿童面前由左
至右作跨越中线的移动［90度角，见
图（1）］
*图（1）
.儿童
中线 物件转移的角度
—测试员",小肌肉,FM,"2- 能持续不断地追视测试员的动作
1-目光能追视至中线位或稍越中线位
0-目光未能或没有追视至中线位",2/1/0,OCR草稿，需人工校对
5,（5） 检视触觉块,5,PEP-3使用册(1).pdf,"（5） 检视触觉块
万花筒","不同的触觉块
3块
（毛茸茸的；粗
糙；有坑纹）","测试员将3块触觉块放在儿童的面
前。并观察：
- 儿童对触觉块是否有不恰当的反
应？
-儿童会否抓、尝、嗅或拒绝接触触
觉块？
*在观察期间，测试员应保持沉默，
切勿干扰儿童的行为。*","行为特征
-非语言",CMB,"2- 对各触觉块有适当的反应（叠起、触摸、观
看、询问或提出对触觉块的意见）
1- 表现有点不寻常或过分地感兴趣；或完全不
感兴趣
0-不恰当地作出反应，表现出异或过分的感
官兴趣（舔、嗅、抓或沉迷地触摸它们）",2/1/0,OCR草稿，需人工校对
6,（6） 使用万花筒,5,PEP-3使用册(1).pdf,（6） 使用万花筒,万花筒,"测试员示范观看万花筒及转动万花筒
之底盘。
示范时须清楚地让儿童看到测试员将
万花筒放在眼前观看，并以一手持万
花筒，另一手转动底盘的动作。
将万花筒交给儿童并以手势示意儿童
使用万花筒。","模仿
（视觉/动作）",VMI,"2- 能观看万花筒并转动底盘
1- 只能完成上述其中之1项动作（观看万花筒或
转动底盘）
0- 未能或没有尝试观看万花筒或转动底盘",2/1/0,OCR草稿，需人工校对
7,（7）表现出能够使用惯用眼,5,PEP-3使用册(1).pdf,"（7）表现出能够使用惯用眼
手摇铃",同上,"观察：
于进行第（6）项活动时，注意儿童是
否稳定地表现出使用惯用眼（即儿童
持续地以同一眼睛观看万花筒）。
若儿童轮流使用双眼观看万花筒，测
试员可再示范，并将万花筒交给儿
童，以手势示意儿童再次观看，并作
第2次观察。",小肌肉,FM,"2- 表现出使用惯用眼（即持续地以同一眼睛观看
万花筒）
1- 开始表现出使用惯用眼（即大部分时间使用同
一眼睛观看万花筒）
0- 没有使用惯用眼（使用双眼观看）；*或在2
次观察中儿童均没有观看万花筒*",2/1/0,OCR草稿，需人工校对
8,（8） 转向手摇铃声,5,PEP-3使用册(1).pdf,（8） 转向手摇铃声,手摇铃,"观察：
一当儿童进行另一项测试时，测试员
将手摇铃收藏在儿童看不见的地
方，然后大力摇动手摇铃，观察儿
童的反应。","认知
（语言/语前）",CVP,"2- 清楚显示对声音有反应及正确地转向声源：
可以是口语的反应〔例：问「乜嘢声？」（是
甚么声音？）〕；或非口语的反应（例：眨
眼、改爱面部表情、跳起、哭、将头部转向
声源）
1- 有听到声音的表现，但没有转向声源：或所
转的方向不正确
0- 没有使用口语或非口语，以显示听到声音",2/1/0,OCR草稿，需人工校对
9,（9） 模仿按动响铃2次,6,PEP-3使用册(1).pdf,"（9） 模仿按动响铃2次
胶泥及竹棒",响铃,"测试员将响铃放在儿童的面前。吸引
儿童的注意说：「睇吓我做乜嘢？」
（看看我做甚么？）把响铃连续而迅速
地按响2次，然后指示儿童：「你做
俾我睇。」或「跟住我做。」（你做给
我看看：跟着我做。）
若儿童按响1次或多次，再次示范并
指示儿童模仿。","模仿
（视觉/动作）",VMI,"2- 能按响响铃2次
1- 能按响铃1次或多于2次
0- 再次示范后仍没有尝试按响铃",2/1/0,OCR草稿，需人工校对
10,（10） 手指插入胶泥并做出凹位,6,PEP-3使用册(1).pdf,（10） 手指插入胶泥并做出凹位,胶泥,"测试员示范将手指插入胶泥球，做出
凹位，*并示意儿童模仿。*","模仿
（视觉/动作）",VMI,"2- 示范后能模仿做出清楚明显的凹位
1-能用手指轻轻地插入胶泥，但没有做出明显
的凹位
0- 没有尝试",2/1/0,OCR草稿，需人工校对
11,（11） 抓握竹棒,6,PEP-3使用册(1).pdf,（11） 抓握竹棒,"胶泥球1个及
竹棒6枝","测试员把胶泥压成薄饼状，说：「呢
个系生日蛋糕，等我哋插啲蜡烛上
去。」（这个是生日蛋糕，让我们把蜡
烛插上去。）插上1枝竹棒，给儿童
另1枝竹棒，示意他插上。
若儿童不合作，则将所有竹棒插入，
并指示儿童拔出来。",小肌肉,FM,"2-能利用前二指、指侧*或前三指*插入或拔出
最少1枝竹棒
1-使用整个手掌或多于三指插入或拔出最少1
枝竹棒
0- 未能用手插入或拔出竹棒",2/1/0,OCR草稿，需人工校对
12,（12） 听生日歌假装吹蜡烛,6,PEP-3使用册(1).pdf,（12） 听生日歌假装吹蜡烛,同上,"当竹棒插入「生日蛋糕」后，测试员唱
生日歌及在唱完后假装吹熄蜡烛。
* 观察儿童有否聆听生日歌及模仿假
装吹蜡烛。氺","模仿
（视觉/动作）",VMI,"2- 能聆听生日歌及在唱完后假装吹蜡烛
1- 能聆听生日歌但没有假装吹蜡烛
0- 没有留意测试员唱歌",2/1/0,OCR草稿，需人工校对
13,（13） 享受音乐,6,PEP-3使用册(1).pdf,（13） 享受音乐,胶泥,"观察：
测试员唱生日歌时，观察：
一儿童对「生日 / happy Birthday」题
材/活动有否不恰当的反应或没有
反应？","模仿
（视觉/动作）",VMI,"2- 儿童表现开心，有留心听生日歌或跟着唱
1- 儿童有留意测试员但没有模仿
0- 儿童对音乐/音韵没有兴趣",2/1/0,OCR草稿，需人工校对
14,（14） 搓胶泥条,6,PEP-3使用册(1).pdf,（14） 搓胶泥条,胶泥,"测试员在儿童面前将1块胶泥分成
2份，其中1份给儿童，测试员使用另1
份在桌子上示范搓成长条状，指向儿童
的胶泥，说：「你做俾我睇。」或「跟住
我做。」（你做给我看看；跟着我做。）","模仿
（视觉/动作）",VMI,"2- 能将胶泥搓成长条状
1- 尝试去搓胶泥；或有类似之动作，但无法将
胶泥搓成长条状
0- 未能做出搓的动作",2/1/0,OCR草稿，需人工校对
15,（15） 操控手偶,7,PEP-3使用册(1).pdf,（15） 操控手偶,"手偶：
猫或狗","测试员出示手偶，并说：「呢只系
猫/狗。」（这是只猫/狗。）在儿童
面前将手偶戴上，说：「我系一只猫
猫/ 狗狗（模仿猫叫或狗吠），我而家
嚟锡你。」（我是一只猫猫/ 狗狗，我
现在来亲亲你。）接着手偶模拟亲吻
儿童，但不要触及儿童。
若儿童没有反应，则让手偶假装哭
泣、大笑、轻抚或拍掌，目的是要吸
引儿童参与活动。
将手偶交给儿童，并说：「而家你做
猫猫/狗狗」（现在，你来做猫猫/狗
狗。）指示儿童将手偶戴上，并利用
手指操控手偶的头及肢体。","模仿
（视觉/动作）",VMI,"2-能自行将手偶戴上，并模仿操控手偶的头及
肢体
1- 能把手偶戴上，但没有使用手指操控手偶
0- 未能或没有尝试将手偶戴上",2/1/0,OCR草稿，需人工校对
16,（16） 利用手偶模仿日常动作,7,PEP-3使用册(1).pdf,（16） 利用手偶模仿日常动作,"同上，另加物
件4件（匙子、
杯子、牙刷、
纸巾）","测试员把手偶戴上，用另一只手示范
让手偶使用1件物件。再把该物件交
给儿童，但仍戴着手偶对儿童说：
「你做呀。」（你来做。）
当儿童完成后，测试员收回该物件，
然后出示另1件物件作示范。测试员
重复以上程序测试使用以下物件：
1. 匙子（喂食）
2. 杯子（饮水）
3. 牙刷（刷牙）
4.纸巾（抹鼻子）","模仿
（视觉/动作）",VMI,"2- 能模仿最少3项动作
1- 能模仿最少1项动作
0- 未能模仿任何动作",2/1/0,OCR草稿，需人工校对
17,（17）指出手偶的3个身体部位,7,PEP-3使用册(1).pdf,（17）指出手偶的3个身体部位,"手偶：
猫或狗","测试员将手偶戴上，并移放到儿童可
接触到的位置，要求儿童指出手偶的
身体部位。说：「指住（口、眼、鼻、
耳）呀。」［指着（嘴巴、眼睛、鼻子和
耳朵）呀。］",语言理解,RL,"2- 能指出或触摸最少3个身体部位
1- 能指出或触摸最少1个身体部位：或能概括
地指向其中1个部位（例：当要求指出眼睛
时，会指向面部上方）：或能经常指向同一个
部位（例：无论要求指出甚么部位，仍是指着
眼睛），但需最少正确指出其中1个部位
0- 未能正确指出任何一个身体部位",2/1/0,OCR草稿，需人工校对
18,（18） 指出3个自己的身体部位,8,PEP-3使用册(1).pdf,"（18） 指出3个自己的身体部位
第（19）及（20）项使用同一项目作评估",无,"在没有动作提示下，要求儿童指出自
己的身体部位。说：「指住你个（口、
眼、鼻、耳）呀。」［指着你的（嘴巴、
眼睛、鼻子和耳朵）呀。］",语言理解,RL,"2- 能指出或触摸最少3个身体部位
1- 能指出或触摸最少1个身体部位；或概括地指
出其中1个部位（例：当要求指出眼睛时，会
指向面部上方）；或经常指向同一部位（例：
无论要求指出甚么部位，仍是指着眼睛），但
最少正确指出其中1个部位
0- 不能正确指出任何身体部位",2/1/0,OCR草稿，需人工校对
19,（19） 使用两个手偶演出故事,8,PEP-3使用册(1).pdf,"第（19）及（20）项使用同一项目作评估
（19） 使用两个手偶演出故事","手偶：
猫及狗","把一个手偶交给儿童戴上，测试员则
戴上另一个手偶，说：「我哋玩乜嘢
好？」（我们玩甚么？）鼓励儿童用手偶
与测试员演出故事。
若儿童未能开始任何活动，测试员可让手
偶握手、跳舞、睡觉，或去商店买雪糕。",语言表达,EL,"2-让自己及测试员两只手偶交往，并演出有先
后次序的情节
1- 只能用自己的手偶演出故事，但没有与测试
员之手偶交往；或能自己与测试员的手偶交
往演出故事，但未有让自己的手偶参与其中
0-没有用任何1只手偶演出故事",2/1/0,OCR草稿，需人工校对
20,（20） 与手偶作假想游戏,8,PEP-3使用册(1).pdf,"（20） 与手偶作假想游戏
几何形状拼板
第（21）及（22） 项使用同一项目作评估",同上,在进行第（19）项同时进行观察。,社交互动,SR,"2- 在活动中表现假想力及提出创意的玩法
1- 儿童没有提出新创意的玩法，但能跟随测试
员的活动及提议
0- 未能或没有使用假想活动",2/1/0,OCR草稿，需人工校对
21,（21）指示出3块拼块的正确位置,8,PEP-3使用册(1).pdf,（21）指示出3块拼块的正确位置,"形状拼板（圆
形、正方形、
三角形）及拼块
米图 （②","测试员将拼板放在儿童面前的桌子上，三角形的底边需靠近儿童，将各形状的拼块
放在拼板与儿童之间，但避免放在与其形
状相同的相应位置下。［例子见图（2）］
儿童
口VO
FO0
测试员 水
概括地指向拼板•说：「摆返喺啱嘅窿度
啦！」（把同一形状放入正确的洞中。）
一段时间后，若儿童表现出不明白或有
困难，测试员可以示范放圆形拼块于
正确位置，然后将该拼块重新放回桌子
上，并再次要求儿童将所有形状的拼块
放入拼板的相应位置内。","认知
（语言/语前）",CVP,"2- 无需示范，能将3个形状拼块放在正确位置
上，或即使拼块无法完全放入洞中，也能放
进相若位置，如洞的上方或下方
1- 将最少1个形状拼块放在正确或相若的位置
0- 示范后仍未能将拼块放入，或没有尝试放任
何一个形状拼块于拼板内",2/1/0,OCR草稿，需人工校对
22,（22）完成形状拼板,9,PEP-3使用册(1).pdf,（22）完成形状拼板,同上,在进行第（21）项时同时进行观察。,小肌肉,FM,"2- 无需示范，将3个形状拼块放入正确位置上或
相若位置
1- 最少完成其中1个形状，或需示范才尝试或能
完成此项目
0- 示范后仍未能将拼块放入，或没有尝试将形
状拼块放入拼板内",2/1/0,OCR草稿，需人工校对
23,（23） 说出形状名称,9,PEP-3使用册(1).pdf,（23） 说出形状名称,"形状拼块
（圆形、正方形
及三角形）","测试员把各形状拼块放在桌子上，指
着圆形问：「呢个系乜嘢形？」（这是
甚么形状？）之后，以同样程序测试
正方形及三角形。",语言表达,EL,"2- 能正确地说出3种形状名称
1- 能正确地说出最少1种形状：或以同一个形状
名称指称所有形状，但最少1个是正确的（例
如：把所有形状指称为圆形）
0- 未能正确说出任何形状的名称",2/1/0,OCR草稿，需人工校对
24,（24） 挑选形状,9,PEP-3使用册(1).pdf,"（24） 挑选形状
物件拼板（雨伞、小鸡、蝴蝶、雪梨）",同上,"测试员把各形状拼块放在桌子上，
说：「俾个圆形我。」（把圆形给
我。）
若儿童未能明白，可改为：「指住个
圆形。」（指着圆形。）
或「圆形呢？」（圆形在哪里？）
每次测试后，把儿童交出之形状拼块
放回原位，再以同样程序测试正方形
及三角形。",语言理解,RL,"2- 正确地交出或指出所有形状
1- 正确地交出或指出最少1种形状
0-没有正确地交出或指出任何形状",2/1/0,OCR草稿，需人工校对
25,（25）完成4块物件拼板,9,PEP-3使用册(1).pdf,（25）完成4块物件拼板,"物件拼板（雨
伞、小鸡、蝴
蝶及雪梨）","测试员把拼块和拼板放在儿童面前，
将其中1块拼块交给儿童，并指着拼
板，说：「将呢块放喺拼板度。」（把
这块放入拼板中。）当儿童完成后，
再给予另1块，用同样程序测试余下
的拼块。*留意将各拼块以正面向上
的方式交给儿童。*
之后，若儿童表现出不明白或有困
难，测试员可示范完成4块拼块，然
后将所有拼块取出，并再次指示儿童
完成。","认知
（语言/语前）",CVP,"2- 无需示范，能正确地完成4块拼块
1- 在有示范或无示范下，也能正确放入最少1块
拼块
0- 示范后仍未能或没有放入任何拼块",2/1/0,OCR草稿，需人工校对
26,（26） 跨越中线取拼块,10,PEP-3使用册(1).pdf,"（26） 跨越中线取拼块
大小拼板：手套
第（27）及（28） 项使用同一项目作评估",同上,"测试员把所有拼块取出，但留下拼板
放于儿童面前。把「雨伞」及「小鸡」
拼块放于儿童的左边（拼板旁），而
「蝴蝶」及「雪梨」则在另一边（注意：
摆放拼块时均要正面向上°）见图（3）
指示儿童把拼块放回拼板。
若儿童并未尝试，则于稍后利用其他
材料评核此项目，例如蜡笔或积木。
要注意将该材料放在儿童要跨越中线
位才可以取到的位置上。
*图 （3）
儿童
蝴蝶 鸡 梨 雨伞
雪梨 伞 蝶 小鸡
测试员水",大肌肉,GM,"2- 多于1次跨越中线位拿取拼块
1- 只跨越中线位1次
0- 未能或没有尝试跨越中线位；
*或儿童以转动身躯的动作去取物件来代替以
手部跨越中线*",2/1/0,OCR草稿，需人工校对
27,（27）指示出3块手套拼块的正确位置,10,PEP-3使用册(1).pdf,（27）指示出3块手套拼块的正确位置,手套拼板,"测试员把手套拼板放在儿童面前的
桌子上，手套拼块放于拼板与儿童
之间，并避免把拼块放在与拼块大
小配合之位置下［例子见图（4）］。指
向拼板，说：「将呢几块放返喺拼板
度。」（把这些拼块放入拼板上。），
但不要直接指向任何1个拼板洞。
一段时间后，若儿童表现出不明白
或有困难，测试员可示范完成3块拼
块，然后把所有拼块取出放回桌子
上。再请儿童完成。
*图（4）
儿童
中大小（拼块）
大小中
测试员 米","认知
（语言/语前）",CVP,"2- 无需示范，能指示出3块拼块之正确位置，即
使未能准确放入拼板内，但能将拼块放在正
确的位置附近（上或下）
1- 将最少1块拼块放在正确的位置上，即使未能
准确放入，但能将拼块放在正确的位置附近
（上或下）
0-示范后仍未能将拼块放入，或没有尝试放任
何1块拼块在正确的位置上",2/1/0,OCR草稿，需人工校对
28,（28）完成手套拼板,11,PEP-3使用册(1).pdf,（28）完成手套拼板,同上,在进行第（27）项时同时进行观察,小肌肉,FM,"2- 无需示范，便能将3块拼块准确地放进拼板内
1- 能将最少1块拼块放进拼板内：或需示范才能
完成
0- 示范后仍未能将任何拼块放进拼板内",2/1/0,OCR草稿，需人工校对
29,（29） 说出物件大小,11,PEP-3使用册(1).pdf,（29） 说出物件大小,"手套拼板
最大及最小的
拼块（共2块）","测试员拿走拼板，只留下最大及最小
之拼块在桌子上，把小拼块放在儿童
左边而大拼块则放在右边。并指着拼
块，说：「睇吓，佢哋唔同嘅，点样
唔同呀？」（看，它们是不相同的，
它们有甚么不相同呢？）
测试员拿起大的拼块问：「呢一块系
点呀？」或「呢块系⋯•」（这一块是
⋯…？）如儿童说出拼板的颜色，测
试员说：「系㖞！两块都系红色，但
系佢哋点样唔同呀？佢哋唔系一样
嘅。」（但它们有甚么不同呢？它们
不是一样的。）如儿童说出拼板的形
状，测试员可重复以上的指示。如
儿童仍不能说出大小，测试员可说：
「呢块系大嘅，咁呢块系⋯⋯」（这块
是大的，另一块是⋯⋯）使用同样程
序作第二次测试。",语言表达,EL,"2- 在2次测试中均能正确地说出拼块之大小
1- 在其中1次测试中，能正确地说出最少1块拼
块的大小
0-在任何1次测试中，都没有正确地说出任何1
块拼块的大小",2/1/0,OCR草稿，需人工校对
30,（30）挑选大小物件,11,PEP-3使用册(1).pdf,（30）挑选大小物件,同上,"仍使用第（29）项之拼块，把小拼块
放在儿童的右边而大拼块则放在左
边，说：「俾块细嘅我。」（把小的给
我。）把儿童交出的一块放回原位，
再说：「俾块大嘅我。」（把大的给
我。）
重复整个程序作第二次测试。儿童也
可指出拼块而无需交出，但他的指示
必须清晰。",语言理解,RL,"2-在2次测试中均能正确指出或交出大及小的拼
块
1- 在其中1次测试中，能正确指出或交出最少
1块拼块
0- 在任何1次测试中，都没有正确指出或交出任
何1块拼块",2/1/0,OCR草稿，需人工校对
31,（31） 指示拼块正确的位置,12,PEP-3使用册(1).pdf,"（31） 指示拼块正确的位置
第（31）及（32）项以同一项目作评估",猫拼图,"测试员把拼块零散地放在桌子上（正
面向上），并指示儿童将拼图拼好。
一段时间后，若儿童表现出不明白或
有困难，测试员可示范完成拼图，
然后依上述方法放好，请儿童再作尝","认知
（语言/语前）",CVP,"2- 无需示范，能概括将4块拼图拼在正确位置，
拼图不需要紧扣一起
1- 在有或无示范的情况下，能将最少2块拼图拼
在正确的位置，拼图不需要紧扣一起
0- 示范后仍未能拼好两块拼图",2/1/0,OCR草稿，需人工校对
32,（32） 紧扣4块猫拼图,12,PEP-3使用册(1).pdf,"（32） 紧扣4块猫拼图
6块拼图：牛",同上,在进行第（31）项时同时进行观察。,小肌肉,FM,"2- 无需示范，也能完成拼图，并将各块紧扣一起
1- 在有或无示范的情况下，完成最少2块拼图，
拼图需紧扣在一起
0- 示范后仍未能或没有尝试将各块拼图紧扣一起",2/1/0,OCR草稿，需人工校对
33,（33） 完成6块牛拼图,12,PEP-3使用册(1).pdf,"（33） 完成6块牛拼图
磁石板及男孩磁石拼块",牛拼图,"测试员把拼块（正面向上）零散地放在
儿童面前，说：「呢只系牛。」（这是
一只牛。）指示儿童将拼图拼好。
一段时间后，若儿童表现出不明白或
有困难，测试员可示范完成拼图，然
后请儿童再作尝试。","认知
（语言/语前）",CVP,"2- 无需示范，能正确地完成6块拼图
1- 在有或无示范下能完成最少2块拼图
0- 示范后仍未能完成最少2块拼图",2/1/0,OCR草稿，需人工校对
34,（34）拼出8块的男孩拼图,12,PEP-3使用册(1).pdf,（34）拼出8块的男孩拼图,"磁石板及男孩
磁石拼块（头、
头发、两只眼
睛、鼻、口、
身、脚）","测试员把磁石板及8块磁石拼块放在儿
童面前的桌子上，利用其中1块，示范
如何将磁石块贴在板上，然后将磁石块
取下放回桌子上面，请儿童在磁石板上
拼图。说：「你识唔识砌个男仔呀？」
（你能否拼一个男孩子出来呢？）
一段时间后，若儿童不明白此项目，
测试员用所有的磁石块示范拼出一个
男孩子，然后取走各磁石拼块，并请
儿童再作尝试。
若儿童没有用尽所有磁石块，测试员
可指着余下的磁石块，要求儿童完成
男孩子拼图。若儿童以特别的方式使
用某些磁石块（如以眼睛作钮扣，或
以头发作胡子），便要求儿童解释。","认知
（语言/语前）",CVP,"2- 无需示范，能用8块拼块拼出男孩子
1- 完成部分拼贴（将眼睛贴在脸上，或将头与脚
放在一起）：或需示范后才拼出部分男孩子
0- 未能运用磁石拼块拼出男孩子（例如只将磁石
块叠在一起，或随意将磁石块贴在板上，或
拼出不像男孩子的图形）",2/1/0,OCR草稿，需人工校对
35,（35） 模仿使用3件发声物,13,PEP-3使用册(1).pdf,"（35） 模仿使用3件发声物
实物及图卡","响板、手摇铃、
匙子","测试员在儿童面前摇动响板，吸引他
的注意，然后把响板交给他，指示儿
童摇动响板。
重复以上程序，逐一测试其余的发
声物（即摇动手摇铃、用匙子敲打桌
画）。","认知
（语言/语前）",CVP,"2- 示范后，能使用3件发声物以致发出声响
1- 把玩发声物，但未能正确地模仿使用所有发
声物以致发出声响
0- 没有把玩或使用任何1件发声物",2/1/0,OCR草稿，需人工校对
36,（36） 说出5件物件名称,13,PEP-3使用册(1).pdf,"（36） 说出5件物件名称
* 测试时建议进行次序：
项目39->36->38->37*","袜子、杯子
牙刷、蜡笔
剪刀、梳子
铅笔","测试员拿起每件物件问：「咩嚟㗎？」
（这是甚么？）若儿童不明白，则说：
「呢件/只/支/把系
（这是 。）
稍作停顿让儿童回答。",语言表达,EL,"2- 能正确说出或用手势表示5件物件
1- 能正确说出或用手势表示1至4件物件
0- 未能正确说出或用手势表示任何物件",2/1/0,OCR草稿，需人工校对
37,（37）正确使用4件物件,13,PEP-3使用册(1).pdf,（37）正确使用4件物件,"杯子、匙子、
蜡笔、梳子、
剪刀","测试员把1件物件交给儿童，并说：
「呢个要嚟做乜嘢？你做俾我睇。」
（这个用来做甚么？你做给我看看。）
或「做俾我睇你点用呢样嘢。」（让我
看看你是怎么使用这个东西的。）若
儿童有疑惑，则以其中1件物件作示
范。","模仿
（视觉/动作）",VMI,"2- 能使用任何4件物件
1- 能使用1-3件物件
0- 未能使用任何物件",2/1/0,OCR草稿，需人工校对
38,（38） 在要求下交出3件物件,13,PEP-3使用册(1).pdf,（38） 在要求下交出3件物件,"在（37）项中使
用之物件","测试员先把所有物件放在儿童能看见
及接触到的位置，然后伸出手向儿童
说：「俾只（杯）我。」（给我一只杯
子。）
若儿童没有反应，测试员可指向物
件，并重复上述口语指令。*重复以
上程序测试余下的物件。*",语言理解,RL,"2- 无需手势提示就能交出最少3件物件
1- 在语言指令下能交出1-2件物件；或在手势提
示下交出3件物件
0- 在手势提示下，交出少于3件物件",2/1/0,OCR草稿，需人工校对
39,（39）实物配对图片5对,14,PEP-3使用册(1).pdf,（39）实物配对图片5对,"测试用书、袜
子、杯子、牙
刷、匙子、剪
刀、梳子和铅笔","测试员把（39A）的图片及7件物件放
在桌子上，物件放在图片的旁边，测
试员示范拿起相符的物件放在图片
上，然后把该物件交给儿童，并用手
势指示儿童把物件放在图片上。测试
员需纠正儿童所犯的错误。
取去已完成配对之图片，物件放回原
位，随即放上另1张图片（39B），继
续指示儿童拿起物件及放在图片上，
直至完成（39）项中余下的图片。测试
员需纠正儿童在整个测试中所犯的错
误。","认知
（语言/语前）",CVP,"2- 正确配对5次，儿童无需将物件放准在画像上
1- 正确配对2-4次，儿童无需将物件放准在画像
上
0-正确配对0或1次",2/1/0,OCR草稿，需人工校对
40,（40）明白3个常见物件的名称,14,PEP-3使用册(1).pdf,"（40）明白3个常见物件的名称
M& Ms",无,"在测试过程中，测试员说出3个在当
场环境中儿童能清楚看见的物件名
称，*然后观察儿童的反应。*",语言理解,RL,"2- 能望着或指着该3件物件
1- 能望着或指着其中1-2件物件
0-没有望着或指出其中任何物件",2/1/0,OCR草稿，需人工校对
41,（41） 利用前二指钳法,14,PEP-3使用册(1).pdf,"（41） 利用前二指钳法
杯子及喜爱玩具","小糖果1粒（例
如：M&M朱古
力豆）","测试员把1粒糖果放在自己的手心，
将手掌微曲使糖果不致跌下，请儿童
取出糖果进食并注意儿童钳取糖果的
方法。",小肌肉,FM,"2- 准确地使用前二指尖钳取糖果
1- 用拇指和2只或以上的手指*（或桡侧手指）*
钳取糖果
0-没有使用拇指，只使用掌心及其他手指合力
取出糖果；*或没有尝试钳取糖果*",2/1/0,OCR草稿，需人工校对
42,（42）找寻完全被隐藏的物件,14,PEP-3使用册(1).pdf,（42）找寻完全被隐藏的物件,"杯子及任何儿
童喜爱之小物
件","测试员在儿童面前把他喜爱的小物
件置在倒转了的杯子内。说：「揾番
」（找出_ -），并以手势
指示儿童取出物件。
若儿童未能找出该物件，测试员可拿
起杯子显露物件部分，然后再作测
试。","认知
（语言/语前）",CVP,"2- 能找到完全被隐藏的物件
1- 能找到部分被显露的物件
0- 没有或未能找到物件",2/1/0,OCR草稿，需人工校对
43,（43） 杯下寻物,15,PEP-3使用册(1).pdf,"（43） 杯下寻物
兴
5件物件及布袋","任何儿童喜爱
的食物或物
件，及不透明
杯子3只
第1次测试
儿童
测试员","测试员把3只杯子倒转，排成一行放
在桌子上，吸引儿童注意。
开始第1次测试，把食物/物件藏在
中间的杯子内，缓缓地把它与测试员
右边的杯子调换位置（见图5），然后
指示儿童寻找食物/物件。
若儿童未能明白此项目，则拿起右边
的杯子，出示食物/ 物件，然后将它
放在中间的杯子内，重复以上程序1
次，再指示儿童寻找食物/物件。
接着开始第2次测试，把食物/物件
藏在测试员左边的杯子内，缓缓地与
中间的杯子调换位置（见图5），然后
指示儿童寻找食物/物件。
然后进行第3次测试，把食物/物件
放在右边的杯子内，缓缓地与左边的
杯子调换位置（见图5），然后指示儿
童寻找食物/物件。
图 （5）
第2次测试
儿童
测试员
测试员把藏有各项物件的布袋放在儿童面","认知
（语言/语前）",CVP,"2- 能在3次测试中最少有2次找到食物/物件
1- 能在3次测试中有1次找到食物/物件
0- 未能找到食物/物件
第3次测试
儿童
测试员
2- 能在没有视觉提示下逐一拿出最少4件指定",2/1/0,OCR草稿，需人工校对
44,（44） 触觉辨别4件物件,15,PEP-3使用册(1).pdf,（44） 触觉辨别4件物件,"积木、小球、
匙子、蜡笔及
*钱币*各2
份，将其中1
份放进布袋中","测试员把藏有各项物件的布袋放在儿童面
前。要求儿童伸手入布袋内，并不能偷看布
袋内容，然后拿出测试员说出的物件。例
如：要求儿童不偷看布袋内容而交出匙子。
重复以上程序测试余下的物件，每件被
取出的物件需放回袋内，才提问另一个
新的物件。
若儿童无法交出指定物件，测试员可
手持1件相同的物件作提示，并说出名
称，要求儿童再作尝试。","认知
（语言/语前）",CVP,"2- 能在没有视觉提示下逐一拿出最少4件指定
的物件
1- 能在有或无视觉提示下拿出最少1件指定的
物件
0-没有正确交出任何一件物件",2/1/0,OCR草稿，需人工校对
45,（45） 恰当地检视及运用测试材料,16,PEP-3使用册(1).pdf,（45） 恰当地检视及运用测试材料,无,"观察：
- 儿童对测试材料有何反应？
-儿童是否对测试材料缺乏自发的兴
趣，或以不恰当的方式使用测试材","行为特征
-非语言",CMB,"2- 恰当地使用测试材料，感兴趣地仔细观看，
及利用视觉及触觉去探索测试材料
1- 过分持续地使用某1种感官检视测试材料，被
终止探索时会有困难；或对测试材料只有少
许兴趣
0- 对测试材料完全不感兴趣；或以不恰当的方
式检视材料（例：抛、转、嗅或擦；过分沉迷
于测试材料之某部分；或对物件反映之影像
过分感兴趣）",2/1/0,OCR草稿，需人工校对
46,（46）恰当地使用视觉检视测试材料,16,PEP-3使用册(1).pdf,（46）恰当地使用视觉检视测试材料,无,"观察：
-儿童是否对视觉刺激有不寻常的兴
趣或回避？","行为特征
-非语言",CMB,"2- 有正常之视觉兴趣及灵敏度
1- 过分地留意视觉刺激；或不寻常地回避以视
觉作探索
0- 不寻常、过分持续地对部分测试材料、物
件、颜色、房间周围等表现视觉兴趣；或极
端逃避某类视觉刺激
不寻常的行为包括将物件排列成固定形式，
对反映之影像表现出过度的兴奋，重复地将
某物件放到光线下，转动物件；或在请求下
亦拒绝望向测试材料或测试员",2/1/0,OCR草稿，需人工校对
47,（47）拍手,16,PEP-3使用册(1).pdf,（47）拍手,无,"测试员拍手数次并确定儿童在观看，
然后说：「你拍手呀！」（你拍手吧！）
在测试期间出现任何偶然的拍手行
为，都可评为2分。",大肌肉,GM,"2- 重复地拍手
1- 曾尝试但未能成功地拍手，但有所需的动作
0- 曾尝试但未能成功地拍手，亦未有所需动作
的意识；或从未尝试拍手",2/1/0,OCR草稿，需人工校对
48,（48） 单脚站立,16,PEP-3使用册(1).pdf,（48） 单脚站立,无,"测试员示范以单脚站立，然后说：
「你用单脚企呀！」（你单脚站立
吧！）并以手势提示儿童。
在测试本项目前注意周围并无可供倚
靠之物件。若儿童平衡有困难，测试
员可以单手扶持儿童。",大肌肉,GM,"2- 无需协助能单脚站立1-2秒
1- 需以单手扶持，儿童才能单脚站立
0- 没有尝试单脚站立",2/1/0,OCR草稿，需人工校对
49,（49）享受身体接触,17,PEP-3使用册(1).pdf,（49）享受身体接触,涠,"测试员先向儿童表示会抱他，然后抱
起及轻轻摇晃儿童。（若儿童的身体
太重未能抱起，则握儿童的手摇荡。
测试员亦可把年幼的儿童放在大腿上
轻轻摇晃。）
观察：
-儿童对身体接触是否表现过度兴奋
或不安？儿童对身体接触是否缺乏
反应？",情感表达,AE,"2- 对身体接触有恰当的反应，表现得十分享受
并有情感上之交流
1- 反应有些不恰当，但未至于如“0评分所指
般极端
0- 对身体接触有不恰当的反应，如尖叫、走
开，表现出惊惶、哭泣，或在与人交往时完
全被动（没有反应）",2/1/0,OCR草稿，需人工校对
50,（50）享受被搔痒,17,PEP-3使用册(1).pdf,"（50）享受被搔痒
软布",无,"嬉戏地搔痒儿童。
观察：
- 儿童对被搔痒是否有过敏反应或反
应过弱？",情感表达,AE,"2- 反应恰当，表现出享受此游戏
1- 反应有些不恰当，表现轻微的惧怕、少许抗
拒，或只有轻微反应
0- 对被轻力搔痒有不恰当的反应，可能包括有
尖叫、不能自控地狂笑、惧怕或在与人交往
时完全被动（没有反应）",2/1/0,OCR草稿，需人工校对
51,（51） 主动重复社交游戏,17,PEP-3使用册(1).pdf,（51） 主动重复社交游戏,软布,"鼓励儿童参与婴儿游戏，如躲猫猫
（藏猫猫）或点虫虫游戏。
- 躲猫猫：把软布盖在儿童头上问：
「xx（儿童的名字）喺边度？」（xx
在哪里？）当儿童或测试员拉下
软布时说：「bu唧。」然后搔痒儿
童。重复游戏，注意儿童有否拉开
软布和希望重复游戏的意图。
点虫虫：把儿童双手的手指放在胸
前，说：「点虫虫，虫虫飞。」然
后搔痒儿童。重复游戏，注意儿童
有否将双手放在面前及希望重复游
戏的意图。
对年纪较大的儿童，可在整段测试时
间观察他们有否任何模仿动作，以作
评分。",社交互动,SR,"2- 明白及对其中1项游戏有反应，并主动要求重
复（主动把手放在胸前、拉下软布）
1- 明白及对其中1项游戏有反应，但没有主动要
求重复游戏或自己做动作*（即把手放在胸前
或拉下软布）*
0- 对所有游戏不感兴趣",2/1/0,OCR草稿，需人工校对
52,（52）主动与测试员有社交沟通,18,PEP-3使用册(1).pdf,（52）主动与测试员有社交沟通,无,"观察：
儿童会否主动及自发地与测试员作社
交沟通，例如：
- 提出问题、参与交谈、出示测试材
料、分享食物或爬到测试员的膝盖
上等。",社交互动,SR,"2- 会主动与测试员作口语或非口语之沟通
1- 察觉到测试员的存在，但没有主动沟通
0- 没有与测试员作任何形式（口语或非口语）的",2/1/0,OCR草稿，需人工校对
53,（53）双脚离地跳跃,18,PEP-3使用册(1).pdf,（53）双脚离地跳跃,无,"测试员面向儿童，示范双脚离地跳
跃，并说：「好似我咁跳呀！」（像我
这样跳吧！）
在测试中，儿童任何偶然的跳跃行为
都可评为2分。",大肌肉,GM,"2- 能成功地以双脚离地跳跃并双脚一同落地
1- 曾尝试而未能成功（双膝弯曲，但双脚没有离
地；只能用一只脚跳跃或只用一只脚落地）
0- 没有尝试去跳跃",2/1/0,OCR草稿，需人工校对
54,（54） 模仿3项大肌肉动作,18,PEP-3使用册(1).pdf,"（54） 模仿3项大肌肉动作
梯级",无,"测试员吸引儿童注意，并说：「睇吓
我做乜嘢？」（看看我做甚么？）然后
示范下列动作，并于每次示范后以口
语指令及动作示意儿童照做：
（1） 举起1只手
（2）触摸鼻子
（3） 把1只手举过头并以另一只手触
摸鼻子","模仿
（视觉/动作）",VMI,"2- 能成功模仿所有动作
1- 模仿最少1种动作或部分动作
0- 没有尝试去模仿任何动作",2/1/0,OCR草稿，需人工校对
55,（55） 双脚交替地上梯级,18,PEP-3使用册(1).pdf,（55） 双脚交替地上梯级,"梯级（没有扶手
者更佳）","测试员与儿童一起站在梯级前。测试
员示范以1步1级上梯级，说：「你又
做呀！」（你也跟着做呀！）动作提示
儿童模仿。
若儿童有困难，测试员可伸出手扶持
儿童。
若没有梯级，可以家长或老师的观察
来评分。",大肌肉,GM,"2-在不需要人扶持或使用扶手下能自行1步1级
上梯级
1-2步1级上梯级或需要扶持
0- 未能或没有尝试步上梯级（例如：爬行）",2/1/0,OCR草稿，需人工校对
56,（56） 用杯子喝饮品,19,PEP-3使用册(1).pdf,"（56） 用杯子喝饮品
哨子","杯1只及1种儿
童喜爱的饮品","测试员向儿童出示饮品，倒少量于杯
中，将杯子放在儿童面前，*请他用
杯子喝饮品。*",大肌肉,GM,"图 （6）
或
2- 拇指张开并与其他手指合作抓握杯子，及在
进饮时不会将饮品弄泻。儿童可用单手或双
手持杯［见图（6）］
1- 拇指不张开，只用手心及手指持杯：或在进
饮时会把饮品弄泻
0- 没有协助则无法持杯",2/1/0,OCR草稿，需人工校对
57,（57）聆听及转向哨子声,19,PEP-3使用册(1).pdf,"（57）聆听及转向哨子声
球及梯级",哨子,"观察：
-当儿童参与另一项测试时，把哨子
收于手内，然后大力吹响。留意儿
童的反应。
儿童对哨子声是否有不恰当的反
应，如过分反应或完全无反应？","行为特征
-非语言",CMB,"2- 对声音有恰当的反应，表现出好奇及准确地
转向声源
1- 在一段时间后才有反应，或表现出轻微的不
恰当情绪反应
0-对声音表现出极端不恰当的反应，包括过度
的情绪反应、过敏（以双手掩耳），或反应过
弱（毫无反应）",2/1/0,OCR草稿，需人工校对
58,（58） 接球,19,PEP-3使用册(1).pdf,（58） 接球,"胶球
（直径约8-10
吋）","测试员站起并离开桌子，指示儿童模
仿。与儿童相隔一段短距离，出示胶
球并以手势表示会将球抛出。接着轻
轻抛球，注意儿童是否会接球，然后
指示儿童将球抛回。重复来回抛接球
3次。",大肌肉,GM,"2- 能在3次测试中最少能接球1次
1- 虽曾尝试但没有成功地接到球（错失或甩手）
0- 没有尝试去接球",2/1/0,OCR草稿，需人工校对
59,（59） 抛球,20,PEP-3使用册(1).pdf,（59） 抛球,同上,"观察：
- 在进行第（58）项的同时，注意儿
童如何将胶球抛给测试员。",大肌肉,GM,"2- 在3次测试中最少抛出1次
1- 虽曾尝试但没有成功地抛出球（甩手）
0- 没有尝试去抛球",2/1/0,OCR草稿，需人工校对
60,（60） 踢球,20,PEP-3使用册(1).pdf,（60） 踢球,同上,"童如何将胶球抛给测试员。
测试员示范踢球，并把球放在儿童前
面*双脚之间*的位置上，指示儿童
模仿，如此重复测试3次。
*测试员应避免以手扶着儿童的身
体，以免影响第（60）及（61）项的评
估结果。*",大肌肉,GM,"0- 没有尝试去抛球
2- 在3次测试中最少踢球1次
1- 曾尝试但没有成功地将球踢出（用脚碰或推）
0- 没有尝试去踢球（脚并没有离开地面）",2/1/0,OCR草稿，需人工校对
61,（61）表现出使用惯用脚,20,PEP-3使用册(1).pdf,（61）表现出使用惯用脚,胶球及梯级,"观察：
- 在进行第（55）及（60）项的同时，
注意儿童是否经常地使用同一只脚
开始行动（开始上楼梯或踢球）。",大肌肉,GM,"2- 清楚表现出使用惯用脚*（即每次均用同一只
脚开始活动）*
1- *开始有使用惯用脚的出现，但未能前后如一
地使用（多数用同一只脚开始活动）*
0- 完全没有表现出使用惯用脚",2/1/0,OCR草稿，需人工校对
62,（62） 持球并向前行4步,20,PEP-3使用册(1).pdf,（62） 持球并向前行4步,胶球,"在游玩时，要求儿童持球交给测试
员，或把球放在较远的盒中或桌子
上。",大肌肉,GM,"2- 能持球向前行走最少4步而球未跌落
1-只能持球向前行走1至2步
0- 未能持球向前行走",2/1/0,OCR草稿，需人工校对
63,（63） 推球,20,PEP-3使用册(1).pdf,"（63） 推球
维子、珠子",同上,"测试员坐在地上与儿童玩推球游戏，
利用物件或测试员本人作推球的目
标。",大肌肉,GM,"2-能有目的地推球至目标物
1- 无方向地推球
0- 没有推球",2/1/0,OCR草稿，需人工校对
64,（64）对绳子的反应,20,PEP-3使用册(1).pdf,（64）对绳子的反应,"一端打上结的
绳子1条","把绳子放在桌子上，鼓励儿童拿起绳
子并使用它，然后对儿童作短暂的观
察（例如：约1-2分钟）。
观察：
-儿童对绳子的反应如何？
儿童是否表现得过分兴奋或以不怡
当的方法玩弄绳子？","行为特征
-非语言",CMB,"2- 儿童对绳子的反应与其实际年龄或发展年龄
的表现相符
1- 对绳子的反应有点不寻常，儿童可能拿起绳
子但没有做任何事，或不感兴趣
0- 对绳子的反应异，出现不寻常的行为，包
括将绳子放进嘴里咬、挥动、大动作地摇动
或完全不理会绳子",2/1/0,OCR草稿，需人工校对
65,（65） 用绳子穿珠子,21,PEP-3使用册(1).pdf,（65） 用绳子穿珠子,"同上，另加2
颗大木珠","测试员将绳子及珠子放在桌子上，并
指示儿童穿珠子。
一段时间后，若儿童不明白此项目或
有困难，测试员可作示范，并再次
指示儿童用绳子穿珠子。",小肌肉,FM,"2- *毫无困难地*穿上最少1颗珠
1- 略有困难但成功穿上最少1颗珠；或有尝试而
未能成功地穿珠，但有所需之动作
0- 曾尝试但未能成功穿上珠子，且未具有所需
之动作；或没有尝试此项目",2/1/0,OCR草稿，需人工校对
66,（66） 摆动穿上珠子的绳子,21,PEP-3使用册(1).pdf,"（66） 摆动穿上珠子的绳子
包绒铁丝、珠子",同上,"测试员手上拿着一条已穿了2颗珠子
的绳子，站起并拿着绳子的一端，示
范像钟摆般摆动珠绳。然后将珠绳交
给儿童，指示儿童站起并摆动珠绳。",大肌肉,GM,"2- 将珠绳像钟摆般摆动
1- 曾尝试但未能成功地摆动珠绳（只能将绳子上
下拉动或只做出短促、间歇的摆动）
0- 没有尝试用任何方式去摆动珠绳",2/1/0,OCR草稿，需人工校对
67,（67）拿走包绒铁丝上的珠粒,21,PEP-3使用册(1).pdf,（67）拿走包绒铁丝上的珠粒,"正方形珠粒6颗
穿在约10吋长
的包绒铁丝1条
上
米（2套）*","*测试员使用其中1套，示范把铁丝
上所有的珠粒逐一拿走。*然后将另
一套铁丝连珠粒交给儿童，指示儿童
拿走珠粒。
若有需要，测试员可用手协助儿童作
为提示。如儿童在进行时有困难，测
试员可以用手拿着铁丝的一端，让儿
童在另一端拿走珠粒。",小肌肉,FM,"2- 能协调地运用双手，以一手拿着铁丝的一
端，另一手*逐一拿*走6颗珠粒
1- 只能自行拿走1-5颗珠粒；或只能用1只手
拿走珠粒
0- 未能或没有尝试",2/1/0,OCR草稿，需人工校对
68,（68）协调地运用双手,21,PEP-3使用册(1).pdf,（68）协调地运用双手,狦,"观察：
当儿童在进行穿珠子、剪纸、涂颜
色或其他需要使用双手的活动时（即
67，70至82项），观察他是否能协调
地使用双手（例如：一只手拿绳子而
另一只手穿珠子，或一只手握蜡笔而
另一只手按着纸张）。",小肌肉,FM,"2- 在各项活动中，儿童都能协调地运用双手
1- 未能协调地运用双手（即已有所需的动作，但
有时会表现出困惑，或协调不佳）
0- 未能协调地运用双手",2/1/0,OCR草稿，需人工校对
69,（69）将物件由一只手交到另一只手,21,PEP-3使用册(1).pdf,（69）将物件由一只手交到另一只手,狦,"观察：
当儿童在玩拼图或穿珠子时，观察儿
童是否会灵活地将物件由一只手交到
另一只手。",大肌肉,GM,"2- 能经常轻易地将物件由一只手交到另一只手
1- 有时能将物件由一只手交到到另一只手；或
进行时有明显的困难
0- 未能或没有尝试去将物件由一只手交到到另
一只手",2/1/0,OCR草稿，需人工校对
70,（70）自发地涂画,22,PEP-3使用册(1).pdf,（70）自发地涂画,书写簿及蜡笔,"测试员请儿童坐在桌子旁，翻开书写
簿的第1页白纸，给儿童1枝蜡笔，
指示儿童随意涂画。
一段时间后，若儿童未有自发地涂
画，测试员可拿起给儿童的笔作示
范，然后将笔交给儿童，再次指示儿
童涂画。",小肌肉,FM,"2- 能自发地涂画或书写
1- 需示范后才尝试作涂画
0- 即使在示范后，仍没有涂画",2/1/0,OCR草稿，需人工校对
71,（71） 表现出使用惯用手,22,PEP-3使用册(1).pdf,（71） 表现出使用惯用手,无,"观察：
在进行第（72）至*（82）*项时，测试
员观察儿童有没有表现出明显地使用
惯用手。并在评估表上记下儿童有没
有清楚的惯用手，如有，记下是哪一
只手。
通常较年长的儿童*（2岁以上）*，
才会有较明显的惯用手。",大肌肉,GM,"2- 清楚表现出使用惯用手*（即在不同的工作中
均一致地使用同一只手）*
1- *开始有使用惯用手的出现，但未能前后如一
地使用（例：儿童在仿画图案及线条时使用右
手，但在剪纸时则使用左手）*
0- 完全没有表现出使用惯用手",2/1/0,OCR草稿，需人工校对
72,（72） 沿线描画3个图形,22,PEP-3使用册(1).pdf,（72） 沿线描画3个图形,书写簿及蜡笔,"测试员指示儿童以蜡笔沿线逐一描画
圆形、正方形、三角形及菱形。若儿
童未能以蜡笔描画，测试员可示范以
食指沿线描画并指示儿童模仿。
若有需要，测试员可用手辅助儿童1
次作为提示，亦可用指导性的口语或
手势作提示。",小肌肉,FM,"2- 无需测试员以手协助，就能用蜡笔或食指沿
线描画最少3个形状
1- 能沿线描画最少1个图形；或需要测试员用
手辅助下才能完成本项目
0- 未能尝试此项目
*项目（73）至（77）的评分，请参照本书附件之
「仿画评分图例」*",2/1/0,OCR草稿，需人工校对
73,（73） 仿画垂直线,22,PEP-3使用册(1).pdf,（73） 仿画垂直线,同上,"测试员翻开书写簿的适当页数，放在
儿童面前，指着例子并指示儿童仿
画。儿童有3次机会尝试仿画。
在一段时间后，若儿童表现出困难或
不明白，测试员可示范，然后指示儿
童再尝试。
观察儿童的使用惯用手表现，以便在
第（71）项评分。","认知
（语言/语前）",CVP,"［若第（70）项［自发地涂画］评为0分，此项则可
免做并评为0分］
2- 无需示范，能在3次中最少仿画垂直线1次，
线条必须是直线并与例子的长度相若（见评分
图例1）
1- 曾尝试仿画垂直线，但线条弯曲、横线多于
直线或与例子长度不符；或在垂直线外加上
其他标记或图案（例如：多画1个圆形包围着
直线）：或需示范才尝试或完成此项目
0- 没有画出垂直线（例如：涂鸦或只是持笔，画
了不像直线的图像在纸上）
19",2/1/0,OCR草稿，需人工校对
74,（74）仿画圆形,23,PEP-3使用册(1).pdf,（74）仿画圆形,同上,同第（73）项,"认知
（语言/语前）",CVP,"［若第（73）项〔仿画垂直线〕评为0分，此项则可
免做并评为0分］
2- 无需示范，能在3次中最少仿画1个圆形（见
评分图例2）
1- 曾尝试仿画，但所画的圆形有很大的缺口或
有角：或只是打圈地乱涂鸦；或需示范后才
尝试或完成此项目
0- 没有尝试去仿画圆形：或画了完全不像圆形
的图形",2/1/0,OCR草稿，需人工校对
75,（75） 仿画正方形,23,PEP-3使用册(1).pdf,（75） 仿画正方形,同上,同第（73）项,"认知
（语言/语前）",CVP,"［若第（73）项〔仿画垂直线〕评为0分，此项则可
免做并评为0分」
2- 无需示范，能在3次中最少仿画1个正方形。
所画的正方形必须4边紧接，没有大缺口，4
边长度相若，4个角须近乎直角。线条可呈轻
微的波浪状（见评分图例3）
1- 曾尝试仿画正方形，但所画的图形并不是一
个4边紧接，4边长度相若的图形，4个角亦
非直角，线条明显地呈波浪状：或需示范后
才尝试或完成此项目
0- 没有尝试仿画正方形；或所画的图形完全不
像正方形",2/1/0,OCR草稿，需人工校对
76,（76） 仿画三角形,23,PEP-3使用册(1).pdf,（76） 仿画三角形,同上,同第（73）项,"认知
（语言/语前）",CVP,"［若第（73）项（仿画垂直线〕评为0分，此项则可
免做并评为0分］
2- 无需示范，能在3次中最少仿画1个三角形。
所画的三角形必须3边紧接，没有大缺口，3
边长度相若，3个角须为完好的尖角。线条可
呈轻微的波浪状，或三角形可近似等腰或直
角三角形（见评分图例4）
1- 曾尝试仿画三角形，但所画的图形并不是一
个3边紧接，3边长度相若的图形，3个角亦
不完整，或线条明显地呈波浪状；或需示范
后才尝试；或需示范后才完成此项目
0- 没有尝试仿画三角形；或所画的图形完全不
像三角形",2/1/0,OCR草稿，需人工校对
77,（77）仿画菱形,24,PEP-3使用册(1).pdf,（77）仿画菱形,同上,同第（73）项,小肌肉,FM,"［若第（73）项〔仿画垂直线）评为0分，此项则可
免做并评为0分］
2- 无需示范，能在3次中最少仿画1个菱形。所
画的菱形必须4边紧接，没有大缺口，各边必
须大致是直线及长度相若（见评分图例5）
1- 曾尝试仿画菱形，但所画的图形4边并未紧
接，各边长度不相若，或线条明显地呈波浪
状；或需示范后才尝试；或需示范后才完成
此项目
0-没有尝试仿画菱形；或所画的图形完全不像
菱形
［若第（73）项〔仿画垂直线〕评为0分，此项则可",2/1/0,OCR草稿，需人工校对
78,（78） 界内着色,24,PEP-3使用册(1).pdf,（78） 界内着色,"同上
色。","测试员翻开书写簿中印有白兔之一
页，指示儿童替白兔的尾巴、耳朵或
脚着色。儿童不需替整幅图涂上颜
测试员在儿童面前翻开书写簿中印有",小肌肉,FM,"［若第（73）项〔仿画垂直线〕评为0分，此项则可
免做并评为0分］
2- 能自行在白兔的尾巴、耳朵或脚之线内涂上颜
色或有轻微出界*（颜色距离界1/4吋以内）*
1- 未能成功地在线内涂上颜色，但所涂的颜色
大部分皆依随白兔的尾巴、耳朵或脚的线条
0- 没有尝试在线内涂上颜色；或只是在整幅图
上涂画
*［若第（73）项〔仿画垂直线）评为0分，此项则",2/1/0,OCR草稿，需人工校对
79,（79） 抄写7个字母,24,PEP-3使用册(1).pdf,（79） 抄写7个字母,同上,"测试员在儿童面前翻开书写簿中印有
7个英文字母（ALBYEDG） 的一页，
并指着第1个字母，对儿童说：「你
写呢个呀。」（你写这个字母吧。）儿
童需直接抄写在每个字母下面。","认知
（语言/语前）",CVP,"*［若第（73）项〔仿画垂直线）评为0分，此项则
可免做并评为0分］*
2- 能正确地抄写全部7个字母
1- 能抄写1至6个能被辨认的字母
0- 没有抄写任何字母；或所抄写的字母全部都
难以辨认",2/1/0,OCR草稿，需人工校对
80,（80） 绘画1个完茎的人形,25,PEP-3使用册(1).pdf,（80） 绘画1个完茎的人形,同上,"测试员在儿童面前翻开书写簿中空白
的一页，并对儿童说：「画个人。」或
「画个男仔 /女仔。」（画一个人或一
个男孩子/女孩子。）
一段时间后，若儿童未开始绘画，测
试员可示范。（测试员所画的人形无
需太精确，见图（7）），但应避免绘画
火柴人。然后指示儿童再画。
米图（7）
*
若儿童的图画不完整（参照2分的标
准），则提醒儿童说：「画完未？」
（画完没有？）但不要提示说出所缺少
的部分。再给儿童1分钟时间完成图
画。","认知
（语言/语前）",CVP,"*［若第（73）项〔仿画垂直线）评为0分，此项则
可免做并评为0分］*
2- 无需示范或提示，能清楚地画出1个人形（有
头、身体、双手、双脚及最少1个面部细节）
1- 曾尝试绘画，但所画的并不是完整的人形（只
画头，或头部与双脚相连）：或需示范后才能
尝试或完成此项目
0-没有画人形：或所画的图画不像人",2/1/0,OCR草稿，需人工校对
81,（81） 写下名字,25,PEP-3使用册(1).pdf,（81） 写下名字,同上,"测试员在儿童面前翻开书写簿中空白
的一页，说：「写低你个名。」（写下
你的名字。）
过一会，若儿童仍未开始写，测试员
可示范写下儿童的名字，然后再次
指示儿童写下自己的名字。","认知
（语言/语前）",CVP,"［若第（79）项〔抄写7个字母〕评为0分，此项则
可免做并评为0分］
2- 无需示范，能写下自己的名字
1- 曾尝试写下自己的名字，但并不完整或有错
漏（只写出其中1个字、笔画倒转方向、次序
出错，或有错别字）；或需示范后才尝试或完
成此项目
0-没有写下自己的名字中任何一个字",2/1/0,OCR草稿，需人工校对
82,（82）用剪刀剪纸,26,PEP-3使用册(1).pdf,"（82）用剪刀剪纸
测试用书","纸张（半张A4
纸）及剪刀","测试员先示范使用剪刀剪纸，把所需
材料交给儿童，然后指示儿童使用剪
刀剪纸。",小肌肉,FM,"2- 能用剪刀剪纸（在纸上剪开小缝或将之剪成纸
条）
1- 曾尝试但未能成功地剪纸，但已具有所需之
动作
0- 未能成功剪纸，也不明白所需的动作；或没
有尝试此项目",2/1/0,OCR草稿，需人工校对
83,（83） 对图画书感兴趣,26,PEP-3使用册(1).pdf,（83） 对图画书感兴趣,"测试用书（有图
画的部分）","测试员把图画放在儿童面前的桌子
上，并观察儿童的反应。过一段时间
后，若儿童没有翻开书本，则鼓励儿
童，说：「你睇唔睇书呀？」（你看书
吗？）
然后观察儿童如何翻阅书本。","认知
（语言/语前）",CVP,"2- 翻开书本，并对图书内的图画感兴趣（翻开书
本、逐页翻开，及注视图画）
1- 翻开图书，但对图书内的图画没有很大兴趣
（翻开书本，粗略地观看书页而非专心注视图
片，或每次翻开数页）
0- 虽经多次鼓励，仍没有翻开书本",2/1/0,OCR草稿，需人工校对
84,（84）假装使用5件图画中的物件,26,PEP-3使用册(1).pdf,（84）假装使用5件图画中的物件,"测试用书（图
片84A-84E）哨
子、球、鼓、
钥匙、*槌子*","测试员向儿童展示测试用书图片
84A，并说：「呢个用嚟做乜？你做
俾我睇呀。」（这个用来做甚么？你给
我示范一下。）指示儿童假装去使用
该物件。
若儿童表现出不明白或有困难，测试
员可以第1张图片作示范。重复以上
程序测试84题余下的图片。","认知
（语言/语前）",CVP,"2- 能假装使用5种物件
1- 能假装使用最少1件物件；或说出最少1件
物件的使用方法（例如：见到钥匙说：「开
门。」），但没有假装使用物件；*或儿童需
要测试员以第1张图片示范后，才假装使用
物件*
0- 没有尝试去假装使用任何物件；或说出任何
物件的使用方法",2/1/0,OCR草稿，需人工校对
85,（85） 辨认14幅图画,27,PEP-3使用册(1).pdf,（85） 辨认14幅图画,"测试用书（85A~
85T）","测试员把测试用书放在儿童面前，翻
开书85A，并吸引儿童的注意，然后
慢慢地逐一指着图画，让儿童观看。
当儿童看完85A的所有图画后，要求
儿童指出「杯子」。接着翻开余下的每
一页，向儿童提问。
测试员应记录正确答案的数目。若
儿童连续出现5个错误，立即停止测
试。
项且 提间词
A. 杯子 「杯」
B 「公仔」
「锁匙」
「飞机」
「雀笼」
「雨遮」
「煮紧嘢」
系鞋带 「缚紧嘢」
门 「门」
*木偶* 「手偶」
*公鸡* 「公鸡」
*接球* 「接住嘢」
*建筑* 「起紧嘢」
警察 「警察」
砌积木 「砌紧嘢」
P. *烧烤* 「烧紧嘢」
洗澡 「冲紧凉」
*水壶* 「水壶」
米火车头* 「火车头」
T. *火箭起飞* 「起紧飞」",语言理解,RL,"2- 正确指出或辨认最少14幅图画
1- 正确辨认1-13幅图画
0- 未能正确辨认出任何图画",2/1/0,OCR草稿，需人工校对
86,（86） 说出14幅图画名称,"28,29",PEP-3使用册(1).pdf,（86） 说出14幅图画名称,"测试用书
（有图画的部分）
1.","测试员翻开测试用书86A，并指着
「牛」的图画，问儿童：「乜嚟架？」
（这是甚么？）若所测试之提问词
是动词，则问：「（佢）做紧乜嘢？」
（他/ 她在做甚么？）继续用以上程
序测试余下的图画，并记录正确答案
的数目。若儿童连续出现5个错误，
或连续对5幅图没有反应，便停止测
试。
正确答案
A. 牛
B. 皮球/波
C.花
D. 婴儿车
E. 牙刷
F.雪柜
G.「油」油
H. 打秋千
樽
J.电风扇
K. 水企鹅*
L. 溜冰
抱 着 只 狗
医生
跳水
*踏（三轮车、单车）*
举起
*教堂*
米炉*
「整」路
[续页 p.029]
可接受的答案
A. 牛牛、牛公、牛仔，或孩子发出牛
B. 波波、网球、足球、任何与图形相
似的球
C.花花、菊花
D. BB车、手推车，或孩子对婴儿车
作出形容
刷刷
电冰箱、冰箱
搽颜色、搽嘢、油嘢、油漆
打千秋
玻璃樽、可乐樽、汽水樽、可乐
风扇
Pingu
L. 滚轴溜冰、踩Roller
M. 攞着只狗、同只狗玩、带狗
牙医、护士
游水、落水、准备游水
踏车、坐单车
举车、运动、健身、做Gym、拎起
尖顶、教会
煤气炉、石油气炉、炉头
T. 铲泥、起嘢、揸车
*不可接受的答案
羊、马
羽毛球、波子
树 、叶、植物
单i 车、推推
刷 牙
冻！ 冻 、柜柜
扫 地、扫嘢
摇 、打打
饮， 饮、水水
吹吹、吊扇、机器
企、鹅
走紧
拍、闻、睇、行路
哥哥、工人、姑娘
运动
脚脚、三轮车、单车
哑铃
屋、楼、大厦
火、煮嘢",语言表达,EL,"2- 正确地说出最少14幅图画的名称
1- 正确地说出1-13幅图画的名称
0- 未能正确地说出任何图画的名称",2/1/0,OCR草稿，需人工校对
87,（87）说出一句4-5词片语,30,PEP-3使用册(1).pdf,"（87）说出一句4-5词片语
测试用书及字卡",测试用书,"测试员把测试用书放在儿童面前，
一起翻阅4页图画，如儿童不留心看
其中一幅图画，需把其他3幅图画盖
着。如儿童对某幅图画有兴趣，测试
员可向儿童发问以鼓励儿童用言语表
达。继续翻开其他你认为有机会引发
言语的图画。
测试员记录儿童的经验描述或在看图
画时的说话或对提问的回答。
可以以下列问题引发说话，如例题：
1.「话俾我听你睇到啲乜嘢？」（告诉
我你看到甚么？）
2.「你屋企有冇呢样嘢？」（在你家里
有这东西吗？）
3.「你只狗系点架？」（你的狗儿是怎
样的呢？）
4.「边个同你做呢样嘢？」（谁与你做
这事？）
5.「你钟意食乜嘢？」（你喜欢吃甚
么？）
6.「你点整汉堡包呀？」（如何做汉堡
包？）
7.「你钟意着乜嘢衫？」（你喜欢穿甚
么衣服？）",语言表达,EL,"2- 说出一句4至5词的片语
1- 说出一句2至3词的片语
0- 没有说出一句最少2词的片语
*如有任何疑问，可咨询言语治疗师。*",2/1/0,OCR草稿，需人工校对
88,（88） 辨别9个生字,30,PEP-3使用册(1).pdf,"（88） 辨别9个生字
*测试时建议进行次序：
项目90 89—88*","字卡9张
*（人、口、
上、山、刀、
天、火、手、
田）*","测试员把字卡放在儿童面前的桌子
上，随意地说出1个生字，例如：
「俾个「人」字我。」（把「人」字给
我。）
要求儿童把所读出的字卡交给测试
员。然后，把儿童所交出的字卡放回
原位，再用以上程序测试余下的生
字。
只要儿童的反应是清晰的，儿童可以
以手触摸或指向字卡作答。",语言理解,RL,"2- 能正确地交出或触碰全部9张字卡
1- 能正确地交出或触碰1-8张字卡
0- 未能正确地交出任何字卡；或没有尝试去做",2/1/0,OCR草稿，需人工校对
89,（89） 读出9个生字,31,PEP-3使用册(1).pdf,（89） 读出9个生字,同上,"测试员把字卡放在儿童前面的桌子
上。随意指向其中1张字卡，问儿
童：「呢个系乜嘢字？」（这是甚么
字？）继续用同样程序测试余下的生
字。
若儿童不明白此项目，测试员可示范
读出第1张字卡。",语言表达,EL,"2- 正确地读出全部9个生字
1- 正确地读出1-8个生字：或将所有生字读成
同一个字（例如：将所有字读成「人」）
0- 未能正确地说出任何生字",2/1/0,OCR草稿，需人工校对
90,（90）生字配对,31,PEP-3使用册(1).pdf,"（90）生字配对
测试用书","测试用书内之生
字表及字卡9张
*（人、口、
上、山、刀、
天、火、手、
田）*","测试员在儿童面前翻开生字表。把
「人」字卡交给儿童并指向生字表，
指示儿童把字卡配对在适当的位置
上。测试员对儿童说：「应该摆喺边
度至啱呀？」（应该放在哪里呀？）重
复以上程序并以随意抽字的方式测试
余下的字卡。测试员须注意每次只能
把1张字卡交给儿童。*并在儿童作答
后，移走儿童所放的字卡。*
若儿童不明白此项目，测试员可示范
配对「人」字，然后拿起「人」字卡并
交给儿童，指示儿童再次配对字卡。","认知
（语言/语前）",CVP,"2-能配对全部9个生字
1- 能配对1-8个生字
0- 未能配对任何生字",2/1/0,OCR草稿，需人工校对
91,（91） 读出数字1-10,31,PEP-3使用册(1).pdf,（91） 读出数字1-10,"测试用书内之
数字表","测试员拿出数字表，指着第一个数
字问儿童：「呢个系乜嘢？」（这是甚
么？）
一段时间后，若儿童仍未有反应，测
试员可读出该数字。重复以上程序测
试下一个数字。",语言表达,EL,"2- 正确地读出全部10个数字
1- 正确地读出1-9个数字：或把全部数字读成
同一个数字（例如：将所有数字都读成5）
0- 未能正确地读出任何数字",2/1/0,OCR草稿，需人工校对
92,（92） 读出3个单字,31,PEP-3使用册(1).pdf,（92） 读出3个单字,测试用书,"测试员翻开测试用书中印有中文故事
的一页，要求儿童大声读出第1行的
4个字：
*球狗猫屋*",语言表达,EL,"2- 正确地读出3个字
1- 正确地读出1或2个字
0- 未能正确地读出任何字",2/1/0,OCR草稿，需人工校对
93,（93） 读出1句短句子,32,PEP-3使用册(1).pdf,（93） 读出1句短句子,同上,"测试员鼓励儿童读出整个故事，注意
儿童如何将故事读出及所犯的错误。
故事内容如下：
*小明有一只狗和一只猫。小明又有
一个皮球。小明、小猫和小狗住在屋
子里。
一天，小明和小猫、小狗玩皮球。小
狗跳过小明的皮球向前走，小明捉住
了小狗，他们回家去。
小明拿着皮球把它放在桌子上。*",语言表达,EL,"［若第（92）项（读出3个单字〕评为1分或0分，
此项则可免做并评为0分］
2- 正确读出最少1句短句子
1- 正确读出1句片语或两个相连的词语（例如：
「小明有一只狗」，「小明有」，「一个皮球」）
0- 未能正确读出2个相连的词语",2/1/0,OCR草稿，需人工校对
94,（94）诵读篇章少于3个犯错,32,PEP-3使用册(1).pdf,（94）诵读篇章少于3个犯错,测试用书,"当进行第（93）项时，注意儿童是否
多次犯错。",语言表达,EL,"［若第（92）项（读出3个单字）评为1分或0分，
此项则可免做并评为0分］
2- 诵读时犯了不多于3个错误，基本上能流畅地
读出，只在较难的字上表现犹疑；只读漏1-
2个词语
1- 能诵读故事的大部分，但多次犯错；读漏或
读错较长的句子；读得不流畅，在简单的字
词上亦会表现得犹疑
0- 曾尝试诵读，但几乎每个字都要提示；或未
能阅读",2/1/0,OCR草稿，需人工校对
95,（95）阅读理解及回答2条问题,32,PEP-3使用册(1).pdf,"（95）阅读理解及回答2条问题
测试用书及皮球",同上,"当儿童完成第（93）项时，测试员要
求儿童安静地再看故事1次，当儿童
看完后，向儿童提问以下问题：
1.小明有啲乜嘢动物呀？（小明有哪
些动物呀？）（狗和猫）
2. 小明玩乜嘢呀？（小明在玩甚
么？）（狗、猫或皮球）
3. 有乜嘢跳过小明个皮球？（甚么跳
过小明的皮球？）（狗）",语言表达,EL,"［若第（92）项〔读出3个单字〕评为1分或0分，
此项则可免做并评为0分］
2- 能在3个问题之中，正确回答最少2题
1- 正确回答1题
0- 未能够正确回答任何问题",2/1/0,OCR草稿，需人工校对
96,（96） 阅读句子及遵从指令,32,PEP-3使用册(1).pdf,（96） 阅读句子及遵从指令,"测试用书及
皮球","测试员翻开测试用书内印有故事的一
真，把皮球放在桌子旁*的地上*，
并确定儿童能看见及触摸到皮球。
要求儿童读出故事的最后1句，测
试员可对儿童说：「你好似小明咁做
呀。」（你跟小明一样做吧。）",语言表达,EL,"［若第（92）项〔读出3个单字）评为1分或0分，
此项则可免做并评为0分］
2- 拿起皮球放在桌子上
1- 拿起皮球但没有放在桌子上
0- 没有遵从指令去做",2/1/0,OCR草稿，需人工校对
97,（97）把1块积木放进盒中,33,PEP-3使用册(1).pdf,（97）把1块积木放进盒中,"积木（6块）及
盒子1个","测试员把一堆积木留在桌子上，把盒
子放在积木旁，指示儿童把积木放入
盒内。
若儿童不明白此项目，测试员可使用
2块积木作示范，然后再指示儿童将
积木放进小盒子内。",小肌肉,FM,"2- 将最少1块积木放进盒内
1- 尝试将1块积木放进盒内，但因协调不佳而
未能成功
0- 没有尝试此项目",2/1/0,OCR草稿，需人工校对
98,（98） 轮流摆放积木进盒中,33,PEP-3使用册(1).pdf,"（98） 轮流摆放积木进盒中
小积木",同上,"进行第（97）项后，测试员把积木留在
桌子上，把一块积木放入盒内，然后
指示儿童与测试员轮流摆放，直至所
有积木放入盒内为止。",社交互动,SR,"2- 儿童愿意等候并能和测试员逐一轮流摆放积
木入盒
1- 需在测试员多次指示下，才能轮流摆放积木
入盒内
0- 在测试员多次指示下，仍未能轮流摆放积木
入盒内",2/1/0,OCR草稿，需人工校对
99,（99） 叠8块积木,33,PEP-3使用册(1).pdf,"（99） 叠8块积木
杯子及积木",小积木12块,"测试员把积木放置于儿童面前，示范
将2块积木叠起，然后将所有积木零
散地放在桌子上。指示儿童叠起积
木。儿童有3次机会去叠起最少8块
积木。",小肌肉,FM,"2- 在任何1次尝试中，成功地叠起最少8块积木
1- 成功叠起最少3块积木；或在叠起多于3块积
木后，积木塌下
0- 未能或没有尝试去叠积木；或只能叠起2块",2/1/0,OCR草稿，需人工校对
100,（100） 执行2步骤的指令,33,PEP-3使用册(1).pdf,（100） 执行2步骤的指令,"杯子及积木多
块","测试员把上一项所用的积木留在桌子
上，再把1只杯子放在积木旁边。吸
引儿童的注意，并说：「摆1嚿积木
落只杯度，然后摆只杯喺地下。」（把
一块积木放在杯子里，然后把杯子放
在地上。）
一段时间后，若儿童不明白此项目，
测试员可重复指令。当儿童开始了动
作，切勿给予任何口语或非口语的提
示。",语言理解,RL,"2- 正确地执行2部分的指令
1- 曾尝试执行2部分的指令，但不成功（例如：
只把积木放入杯子、把杯子放在地上然后才
放积木，或放入多于1块积木）
0- 未能执行任何指令",2/1/0,OCR草稿，需人工校对
101,（101） 按指示交出2块及6块积木,34,PEP-3使用册(1).pdf,"（101） 按指示交出2块及6块积木
7块小积木","相同颜色的积
木8块","测试员把所有积木放在儿童面前的
桌子上，说：「俾两嚿积木我。」（给
我两块积木。）然后将儿童交出的积
木放回桌子上，再说：「俾6嚿积木
我。」（给我6块积木。）",语言理解,RL,"2- 正确地交出2块和6块积木给测试员
1- 只能正确地交出2块或6块积木给测试员
0- 未能正确地交出2块或6块积木给测试员",2/1/0,OCR草稿，需人工校对
102,（102） 数出2块及7块积木,34,PEP-3使用册(1).pdf,（102） 数出2块及7块积木,"相同颜色的积
木7块","测试员把2块积木放在儿童面前，
问：「有几多嚿积木呀？」（有多少块
积木？），鼓励儿童用手指逐一指着
积木来数。
若儿童能数出2块积木，测试员将其
余的5块积木都放在桌子上。重复以
上测试程序。注意儿童能否逐块积木
数出来。",语言表达,EL,"2- 正确地数出2块和7块积木
1- 只能正确地数出2块积木；或数错（重复数同
一块积木或漏数个别积木）
0- 不能数出2块积木",2/1/0,OCR草稿，需人工校对
103,（103） 唱数1-10,34,PEP-3使用册(1).pdf,"（103） 唱数1-10
积木、筹码和透明罐",无,"测试员要求儿童大声地由1数到10，
*说：「你由1数到10俾我听呀。」
（给我数1-10。）*若儿童不明白此
项目，则给予协助，说：「1，跟住
系乜 嘢呀？」（1，之后是甚么呢？）","认知
（语言/语前）",CVP,"2- 正确唱数1至10
1- 正确唱数1至9
0- 未能正确由1数至9
2- 正确地配对6次",2/1/0,OCR草稿，需人工校对
104,（104） 2种物件分类（积木及筹码）,34,PEP-3使用册(1).pdf,（104） 2种物件分类（积木及筹码）,"相同颜色的积
木6块，黑色
筹码6个及透
明的塑胶容器
2个","测试员把1块积木及1个筹码分别放
在2个透明容器内。然后示范放入配
对积木及筹码各1块。然后随意将余
下的积木或筹码逐一交给儿童，并示
意儿童把积木或筹码放入相应的容器
内。
改正儿童首4次所犯的错误。","认知
（语言/语前）",CVP,"2- 正确地配对6次
1- 正确地配对4-5次
0- 正确地配对少于4次；或拒绝去完成此项目",2/1/0,OCR草稿，需人工校对
105,（105） 配对5种颜色积木在图形上,35,PEP-3使用册(1).pdf,（105） 配对5种颜色积木在图形上,"颜色积木5块
（黄、红、蓝、
绿及白）及测试
用书中的颜色
图页","测试员翻开测试用书中有颜色圈的
一页，并把5块颜色积木放在儿童面
前，然后随意把其中一块积木递给儿
童，并指向颜色图，说：「睇吓呢嚿
积木嘅颜色，将嚿积木放喺相同颜色
嘅圈上面。」（看看这块积木的颜色，
把它放在颜色相同的圈子上。）并用
手势示意儿童将积木放在颜色相同的
圈子上。
若儿童表现出不明白或有困难，测试
员可示范放好5块积木，然后拿走积
木，重复以上测试程序。
注意：每次只给儿童1块积木，当儿
童放好积木后，便移除所放的积木。","认知
（语言/语前）",CVP,"2- 无需示范，正确地把5块积木配对在颜色圈
上
1- 需要示范或无需示范下，能配对最少1块积
木在颜色圈上
0- 在示范下，仍未能配对任何颜色的积木",2/1/0,OCR草稿，需人工校对
106,（106） 说出5种颜色,35,PEP-3使用册(1).pdf,（106） 说出5种颜色,"颜色积木5块
（黄、红、蓝、
绿及白）","测试员把5块积木放在儿童前面的桌
子上，测试员指着或拿起其中一块
说：「呢只系乜嘢色？」（这是甚么颜
色？）
重复此程序测试余下的积木。",语言表达,EL,"2- 正确说出5种颜色
1- 正确说出最少1种颜色；或把所有颜色积木说
成同一颜色（例如：把所有积木都说是绿色）
0- 未能正确说出任何颜色
2- 正确挑选5种颜色",2/1/0,OCR草稿，需人工校对
107,（107）按指示挑选5种颜色,35,PEP-3使用册(1).pdf,（107）按指示挑选5种颜色,同上,"测试员把5块积木放在儿童前面的桌
子上，说：「俾嚿红色我。」（把红色
的给我。）
若儿童不明白指令「俾」（给），可改
为说：「指住红色。」（指着红色。）
或「边个系红色？」（哪个是红色
的？）
重复以上程序测试余下的颜色。
每次要先将儿童交出的积木放回原
位，才继续测试余下的颜色。",语言理解,RL,"2- 正确挑选5种颜色
1- 正确挑选最少1种颜色
0- 未能挑选任何颜色",2/1/0,OCR草稿，需人工校对
108,（108） 自行根据颜色或形状作12张 图卡分类,36,PEP-3使用册(1).pdf,"（108） 自行根据颜色或形状作12张
图卡分类","有颜色的形状
图卡12张（绿
色、红色及紫
色的菱形、圆
形、正方形及
三角形图卡）","测试员随意把图卡放在儿童面前的桌
子上。指示儿童把图卡分类，并说：
「边啲卡系一齐嘅？将一样嘅放埋一
齐。」（甚么卡是在一起的？把同样的放
在一起。）
过一段时间后，若儿童不明白如何完成
此项目，测试员示范分出一类图卡（例
如：分出所有三角形图卡，或分出所有
绿色图卡）。然后要求儿童再次尝试。
如有需要，测试员可进一步示范按颜
色或形状把全部图卡分类，然后把图
卡混合起来，再随意放回桌子上，让
儿童再次尝试。","认知
（语言/语前）",CVP,"［若第*（105）*〔配对5种颜色积木在图形上）评
为0分或1分，此项则可免做并评为0分］
2- 无需示范，能将12张图卡按形状或颜色分类
1- 能将最少一组图卡完整地按形状或颜色分
类；或将部分图卡分出两类：或需作示范后
才能完成此项目
0- 在全部示范后，仍未能将任何图卡作出部分 的分类",2/1/0,OCR草稿，需人工校对
109,（109） 对他人模仿自己的动作有反应,36,PEP-3使用册(1).pdf,（109） 对他人模仿自己的动作有反应,无,"当测试员开始了解儿童的行为或游玩
模式，测试员可模仿儿童的动作，但
切勿模仿儿童自我刺激的行为或其他
频密出现的行为。
重复模仿的动作最少3次，观察儿童是
否留意到测试员的模仿行为，并注意儿
童会否跟着测试员再重复该动作，及留
意儿童是否喜欢别人模仿他。","认知
（语言/语前）",CVP,"2-留意到测试员的模仿行为；表现感兴趣或喜
悦的表情，并会重复该动作来继续游戏
1- 稍微留意到测试员的模仿行为，但没有重复
该动作
0- 没有留意到测试员的模仿行为",2/1/0,OCR草稿，需人工校对
110,（110） 对他人模仿自己的声音有反应,36,PEP-3使用册(1).pdf,（110） 对他人模仿自己的声音有反应,无,"测试员重复儿童惯常发出的声音，注
意儿童是否留意到测试员的模仿行
为，留意儿童是否喜欢别人模仿他的
声音及乐在其中。","认知
（语言/语前）",CVP,"2- 留意到测试员的模仿行为，表现感兴趣或喜
悦的表情，并会重复声音来继续游戏
1- 对测试员的模仿行为稍感兴趣，但没有重复
声音来继续游戏
0- 没有留意到测试员的模仿行为",2/1/0,OCR草稿，需人工校对
111,（111） 模仿3种声音,36,PEP-3使用册(1).pdf,（111） 模仿3种声音,无,"测试员先吸引儿童的注意，说：「听住，
跟我讲。」（先听，跟着我说。）然后说：
「m-m-m」（唔）并指示儿童模仿声音。
重复以上程序测试以下声音：
「ba-ba」（「爸」-「爸」）
「pa-ta」（「爸」-「打」）
「la-la」（「啦」-「啦」）
若儿童表现不明白或有困难，测试员可
先与儿童练习说：「da-dal（「打」-「打」）。","认知
（语言/语前）",CVP,"2- 正确模仿最少3个声音
1- 正确模仿1-2个声音；或曾尝试，但因发音
的困难以致声音不太准确
0- 没有模仿任何声音",2/1/0,OCR草稿，需人工校对
112,（112） 重复2个数宇 （113） 重复3个数字,37,PEP-3使用册(1).pdf,"评估
（112） 重复2个数宇
（113） 重复3个数字",无,"测试员先吸引儿童的注意，说：「我
讲啲数字出嚟，听清楚，我讲完之后
就轮到你讲番出嚟。」（我将会说些数
字，你要听清楚，我说完后你就把它
们说出来。）用1秒1个数字的速度把
各数字读出。
每一项目（2个及3个数字）均有2次
机会尝试，但只在首次尝试时犯错，
才让儿童作第2次的尝试。
若儿童在项目（112）的两次尝试中均
未能重复两组2个数字，便停止测试
余下的部分，并评为0分。
首次尝试 第2次尝试
7-9 5-3
2-4-1 5-7-9","认知
（语言/语前）",CVP,"2- 在首次尝试能正确重复所有数字
1- 在第2次尝试才能正确重复所有数字
0- 在2次尝试中，都未能重复所有数字",2/1/0,OCR草稿，需人工校对
113,（112） 重复2个数宇 （113） 重复3个数字,37,PEP-3使用册(1).pdf,"评估
（112） 重复2个数宇
（113） 重复3个数字",无,"测试员先吸引儿童的注意，说：「我
讲啲数字出嚟，听清楚，我讲完之后
就轮到你讲番出嚟。」（我将会说些数
字，你要听清楚，我说完后你就把它
们说出来。）用1秒1个数字的速度把
各数字读出。
每一项目（2个及3个数字）均有2次
机会尝试，但只在首次尝试时犯错，
才让儿童作第2次的尝试。
若儿童在项目（112）的两次尝试中均
未能重复两组2个数字，便停止测试
余下的部分，并评为0分。
首次尝试 第2次尝试
7-9 5-3
2-4-1 5-7-9","认知
（语言/语前）",CVP,"2- 在首次尝试能正确重复所有数字
1- 在第2次尝试才能正确重复所有数字
0- 在2次尝试中，都未能重复所有数字",2/1/0,OCR草稿，需人工校对
114,（114）重复2个字词,37,PEP-3使用册(1).pdf,（114）重复2个字词,无,"测试员吸引儿童的注意，说：「听
住，然后跟我讲。」（听清楚，然后跟
着我说。）要求儿童重复：
* 「街街」
「车车」
「拜拜」*","认知
（语言/语前）",CVP,"2- 正确重复最少2个字词
1- 正确重复1个字词：或字词的部分*（将「拜
拜」说成「拜」）*
0- 未能重复字词的任何部分",2/1/0,OCR草稿，需人工校对
115,（115）重复2至3词短句,37,PEP-3使用册(1).pdf,（115）重复2至3词短句,无,"测试员重复第（114）项的程序，以每
秒2个字的速度读出以下短句：
* 1.BB望住（BB看看）
2. 我要饼干
3. 佢大声喊（他大声哭）*","认知
（语言/语前）",CVP,"［若第（114）项（重复2个字词〕评为0分，此项则
可免做，并评为0分］
2- 正确重复2句短句
1- 正确重复1句短句：或只重复任何短句中的2
个字词（例：「BB望」、「要饼干」、「佢喊」
等）
0- 未能重复任何短句内的2个字词",2/1/0,OCR草稿，需人工校对
116,（116） 测试员向儿童说话时儿童能望,37,PEP-3使用册(1).pdf,"（116） 测试员向儿童说话时儿童能望
着测试员的面孔",无,"观察：
- 当测试员向儿童说话时，儿童有否
望着测试员的面孔？",社交互动,SR,"2- 当测试员向儿童说话时，儿童能常常望着测
试员的面孔
1- 当测试员说话时，儿童间中会望着测试员的
面孔
0-当测试员向儿童说话时，儿童没有望着测试
员的面孔",2/1/0,OCR草稿，需人工校对
117,（117）没有延迟性鹦鹉式讲话,38,PEP-3使用册(1).pdf,"（117）没有延迟性鹦鹉式讲话
碟及喜爱的物件",无,"观察：
- 儿童会否在一段时间后，不恰当地
重复较早前所听过的话？*（例如：
儿童会不停地重复测试员对儿童说
过的某些话；或重复说出以前在电
视广告中出现过的话或歌曲。）*","行为特征
-语言",CVB,"（若儿童未能使用口语，此项评为NA）
2- 除非是在合适的情况，否则儿童不会重复较
早前所听过的话
1- 偶然会不恰当地重复较早前所听过的话
0- 经常不恰当地重复较早前所听过的话",2/1/0,OCR草稿，需人工校对
118,（118） 要求食物或饮品,38,PEP-3使用册(1).pdf,（118） 要求食物或饮品,"食物（如提子
干、动物饼、
花生）、果汁1
杯/水、碟子","测试员把食物放在碟子上，杯子放在旁
边。把碟子递给儿童，让儿童可拿取食
物，测试员把碟子放回原处，并拿起一
件食物。测试员可等候一会儿，并说：
「我有 和_ 。」观察儿童的反应。
若儿童没有反应，测试员可先把杯子
移近儿童，然后把碟子移近，看看儿
童会拿哪一样。测试员需再等候儿童
提出要求。
若儿童未有口语能力，可鼓励儿童伸
手或指向物件表达要求。",语言表达,EL,"2- 不需提示下，能用口语或手势向测试员提出
要求
1- 需提示2-3次才能用口语或手势向测试员提
出要求
0-没有提出要求",2/1/0,OCR草稿，需人工校对
119,（119） 明白代名词,38,PEP-3使用册(1).pdf,"（119） 明白代名词
测试用书内之图卡或实物",任何物料,"在测试过程中，当儿童在玩玩具时，
测试员不要用动作或手势提示，向儿
童说：「俾我呀！」或「俾我睇下！」
（给我吧！/给我看看！）",语言理解,RL,"2-能常常按测试员的要求交出手上的玩具
1- 只有一次能按测试员的要求交出手上的玩具
0-没有回应测试员的要求",2/1/0,OCR草稿，需人工校对
120,（120） 运用众数的量词2次,38,PEP-3使用册(1).pdf,（120） 运用众数的量词2次,"*测试用书内之
绘有苹果的图
片2幅、绘有
小朋友的图片
2幅、糖果/盒
或其他材料水","*测试员运用材料，观察儿童能否正
确运用表示众数的量词，例如：「一
堆」、「一班」、「我哋」（我们）、「𠮶
啲」（那些）等。向儿童展示2幅分别有
一个苹果及一堆苹果的图片，鼓励儿童
尽量描述图中的物件。例如说：「你睇
到啲乜？」（你看到甚么了？）
若儿童表现不明白，则引导儿童说：「呢
2张图画有乜唔同呀？呢度系1个苹果
（指着1个苹果的图片），呢度系⋯⋯（指
着1堆苹果的图片）」［这2幅画有甚么不
同呢？这是1个苹果（指着1个苹果的图
片），这是 （指着1堆苹果的图片）］
测试员可以用同样方法或其他方法，以
糖果或其他物件作测试。*",语言表达,EL,"2- 正确使用众数的量词2次
1- 正确使用众数的量词1次
0- 于测试中没有使用众数量词",2/1/0,OCR草稿，需人工校对
121,（121） 运用1个代名词,39,PEP-3使用册(1).pdf,（121） 运用1个代名词,"果汁、杯子2
只、曲奇饼数
块、动物手偶","本项测试分为3部分：
1. 手
测试员把手放在桌子上，并要求儿
童把手放于测试员的手旁边，测
试员指着自己的手问：「呢只手系
边个嘅？」（这只手是谁的？）然后
指着儿童的手问：「呢只手系边个
嘅？」（这只手是谁的？）
2. 果汁和杯子
测试员为儿童及自己倒果汁，测试
员喝果汁后问：「边个饮果汁？」
（刚才谁喝果汁呢？）当儿童喝果
汁时问：「而家边个饮紧果汁？」
（现在谁在喝果汁？）
3. 曲奇饼
测试员将曲奇饼分别放在自己、手
偶及儿童面前，指着每块曲奇饼
说：「呢块系我嘅，呢块系你嘅，
呢块系佢（手偶）嘅。」（这块是我
的，这块是你的，这块是他的。）
然后逐次指向一块曲奇饼并问儿
童：「呢块饼系边个嘅？」（这块饼
是谁的？）",语言表达,EL,"2- 正确运用1个代名词（我、你、佢、我嘅、你
嘅、佢嘅）
1- 不正确运用代名词：或在第3部分（曲奇
饼），在测试员示范后才运用代名词
0-没有运用代名词",2/1/0,OCR草稿，需人工校对
122,（122）运用3句双词片语,40,PEP-3使用册(1).pdf,"（122）运用3句双词片语
参考资料：雷妮氏语言发展量表一粤语（香港）版本。","果汁、杯子、
曲奇饼、梳子
及肥皂泡液
*或其他可引
发儿童说话的
物件*","记录儿童所用过的有意义的字词或句
子。（不包括鹦鹉式的话，但有意义
者除外）［例如：「你想唔想饮果汁？」
（你想喝果汁吗？）儿童回答：「饮果
汁。」（喝果汁。）］除了有意义的对
话外，其他如口头禅、电视对白或迟
延的鹦鹉式对话就不需记录。
测试员花数分钟用不同材料引导儿童
说话，*并应多使用开放式的问句［例
如：点解？做紧乜？（为甚么？正在
做甚么？）〕鼓励儿童自由发挥其语言
能力。水
测试员可利用不同的材料引发语言，
建议如下：
1. 果汁及杯子：
（a）你钟唔钟意饮果汁呀？（你喜
欢喝果汁吗？）
（b）你想唔想饮果汁呀？（你想喝
果汁吗？）
（c）杯喺边度呀？（杯子在哪里
呢？）
2. 曲奇饼：
（a）「呢啲系乜？」（这些是甚么？）
（b）「想唔想要？」（想不想要？）
（c）「咁点讲呀？」（该怎么说呀？）
3. 梳子：
（a）「呢个系乜嚟？」（这个是甚么？）
（b）「呢个用嚟做乜？」（这个有甚
么用？）
（c）「喺屋企边个帮你梳头？」（在
家中谁帮助你梳理头发？）
4.肥皂泡液：
（a）「呢个系乜？」（这是甚么？）
（b）「用嚟做乜？」（它用来做甚
么？）
（c）「你想唔想吹呀？」（你想不想
吹一下？）
（d）「咁点讲呀？」（该怎么说呀？）",语言表达,EL,"2- 在测验期间适当使用最少3句不同的双词片
语
1- 适当使用1-2句双词片语
0- 没有使用双词片语
*附注：界定双词片语之准则
1. 双词片语的定义：由2个有独立意义的词语
所组成的短句（以词语作为单位，而非字数）
2. 有独立意义的词语可包括：动词、名词、代
名词、形容词、位置词。丕包括助语词（例
如：呀、啊、哈）及介词（嘅、系）。
3. 以下特别情况均作一个词语计算：「食饭」、
「梳头」、「着衫」、「洗白白」、「好味道」
（「好味」）等。
4. 双词片语例子：
「珑 波波」 （玩球）
（动词＋名词）
俚妹妹呀」 （给妹妹吧）
（动词＋名词）
「青蛙王子 嚟咗」（青蛙王子来了）
（名词＋动词）
「肥嘅妹妹」 （胖妹妹）
（形容词+名词）
如有任何疑问，可咨询言语治疗师*",2/1/0,OCR草稿，需人工校对
123,（123） 遵从4项1-2步骤的口语指令,41,PEP-3使用册(1).pdf,"（123） 遵从4项1-2步骤的口语指令
灯掣","小球、杯子、
小狗手偶、可
盛杯的袋子、
盒子","测试员把所有物件放在儿童前面的桌
子上，并吸引儿童注意，并说：「照
住我讲嘅去做。」（按我说的去做。）
当说出每个指令后，用手势示意儿童
作出反应。
1.「拍吓个盒」（拍拍盒子）
2. 「摸吓只狗」（摸摸小狗）
3.「企起身跳」（站起来跳）
4.「摆个杯喺袋度，然后坐下」（把杯
子放在袋子里，然后坐下）
5. 「敲吓度门，然后摸吓度墙」（敲敲
门，然后摸摸墙）",语言理解,RL,"2- 能执行4项指令
1- 能执行1-3项指令；或其中一项2步骤指令的
部分（例如：只将杯子放入袋内或只敲门或只
摸墙）
0- 未能或没有尝试去执行任何指令之部分",2/1/0,OCR草稿，需人工校对
124,（124） 开关灯掣（按钮）,41,PEP-3使用册(1).pdf,（124） 开关灯掣（按钮）,"测试房间内之
灯掣","在测试期间，测试员请求儿童去开及
关灯掣。若有需要，测试员可抱起儿
童，使儿童能触及灯掣。若儿童没有
反应则可作示范。",小肌肉,FM,"2- 无需示范，能开关灯掣
1- 有尝试但欠缺力度；或未能准确地按动灯
掣：或需示范后才去做
0- 没有尝试（没兴趣或不明白要求）",2/1/0,OCR草稿，需人工校对
125,（125） 对手势的反应,41,PEP-3使用册(1).pdf,（125） 对手势的反应,狦,"［如仍未观察到儿童对手势的反应，才
需进行此项测试］
此项测试可以灵活地进行，但进行测
试时，测试员必须确保只可使用手势
而不附有任何引导性的口语提示。例
如：呼唤儿童姓名后，用手势指示儿
童走向测试员、收起积木、交出颜色
笔，或坐下。",语言理解,RL,"2- 对测试员所有使用过的手势均作出反应
1- 未能稳定地对测试员使用过的所有手势作出
反应（只对某些手势有反应）
0- 对测试员所有使用过的手势没有反应",2/1/0,OCR草稿，需人工校对
126,（126）回应「不要」或「停止」的指令,41,PEP-3使用册(1).pdf,（126）回应「不要」或「停止」的指令,无,"在测试期间，当儿童正投入活动时，
测试员不要使用手势提示，而说：
「唔好」/「停喇」（不要/停止），并
观察儿童的反应。",语言理解,RL,"2- 能常常因应测试员的指令而停止活动
1- 能间中因应测试员的指令而停止活动
0- 对测试员的指令没有反应",2/1/0,OCR草稿，需人工校对
127,（127） 对听到自己名字的反应,42,PEP-3使用册(1).pdf,（127） 对听到自己名字的反应,无,"在测试期间，当儿童正投入活动时，
测试员呼唤儿童的名字，但不要使用
手势提示，并观察儿童的反应。",语言理解,RL,"2- 当听到自己名字时，常常会暂停正在进行的
活动
1- 当听到自己名字时，间中会停止正在进行的
活动
0- 当听到自己名字时，没有反应或不会停止活
动",2/1/0,OCR草稿，需人工校对
128,（128） 明白「过来」的指令,42,PEP-3使用册(1).pdf,（128） 明白「过来」的指令,无,"在测试期间，当儿童正投入活动时，
说：「过嚟呀！」（过来吧！）但测试
员不要使用手势提示。",语言理解,RL,"2- 听到「过来」的指令时，能常常走到测试员面前
1- 听到「过来」的指令时，只有1次走到测试员
面前
0- 对测试员的指令没有反应",2/1/0,OCR草稿，需人工校对
129,（129） 回答「你是谁？」,42,PEP-3使用册(1).pdf,（129） 回答「你是谁？」,无,"在测试期间，测试员随时向儿童提
问：「你叫乜嘢名？」（你叫甚么名
字？）*若儿童只说出自己的名字或
乳名*，可提示儿童说出自己的完整
姓名（包括姓氏及名字）。",语言表达,EL,"2-能说出整个姓名（姓氏及名字）
1- 只说出名字或乳名
0- 说出错误的姓名；或没有反应",2/1/0,OCR草稿，需人工校对
130,（130）能回答自己的性别,42,PEP-3使用册(1).pdf,（130）能回答自己的性别,无,"在测试期间，并在第（129）项之后，
测试员向儿童提问：「你系男仔定系
女仔？」（你是男孩子还是女孩子？）
*若答案像是鹦鹉式地重复测试问题
的最后几个字，可再问儿童，「你系
女仔定系男仔？」（你是女孩子还是男
孩子？）水",语言表达,EL,"2- 正确地说出自己的性别
1- 错误地说出性别；或答案是鹦鹉式地重复测
试问题的最后几个字
0-对问题没有反应",2/1/0,OCR草稿，需人工校对
131,（131）明白3个动词并示范动作,42,PEP-3使用册(1).pdf,（131）明白3个动词并示范动作,无,"在测试期间，测试员先吸引儿童的注
意，并说：「我讲咩你就做啦，做俾
我睇。」（跟着我的说话做动作。），
当说出以下每个指令时便提示儿童做
动作：
1. 跳（跳起来）
2. 坐下（坐下来）
3. 企起身（站起来）",语言理解,RL,"2- 能执行3个动作
1- 能执行1-2个动作
0- 没有执行任何动作",2/1/0,OCR草稿，需人工校对
132,（132）正确运用代名词,42,PEP-3使用册(1).pdf,（132）正确运用代名词,无,"观察：
- 儿童是否不正确地使用代名词？如
有的话，是属发展中的正常问题还
是对使用代名词有所混淆？",语言表达,EL,"2- 正确地运用代名词
1- 偶然会把「你」、「我」混淆，或以自己的名字
来代替使用「我」
0- 经常会混淆代名词及不明白代名词「你」、
「我」的意思",2/1/0,OCR草稿，需人工校对
133,（133）回答3句问句,43,PEP-3使用册(1).pdf,（133）回答3句问句,狦,"在测试期间，儿童能否回答问句（何
人、何事、何地、何时），例如：
-*何人
（如：「边个同你玩？」）
（谁与你玩耍？）
何事
（如：「你肚饿时会做乜？」，
「你口渴时会做乜？」）
（当你肚子饿时，你会做甚
么？）
（当你口渴时，你会做甚
么？）
何地
（如：「你去边度买嘢食呀？J）
（你到哪里买食物？）
何时
（如：「你几时做XX呀？）
（你在甚么时候做XX？）*",语言理解,RL,"2- 明白及回答3句问句
1- 回答2句问句
0- 没有回答任何问句",2/1/0,OCR草稿，需人工校对
134,（134） 遵从3个简单的动作指令,43,PEP-3使用册(1).pdf,（134） 遵从3个简单的动作指令,无,"测试员在测试期间，不要用手势提
示，对儿童说：「坐下」、「起身」、
「过嚟」、「俾我」、「放低手」及「开
门」（坐下、站起来、走过来、给我、
把手放下、开门）。测试员亦可选择
其他有意义的1个步骤的动作指令。","认知
（语言/语前）",CVP,"2- 能遵从最少3项的动作指令
1- 能遵从1-2项的动作指令
0- 不能遵从任何动作指令",2/1/0,OCR草稿，需人工校对
135,（135）使用视觉讯息,43,PEP-3使用册(1).pdf,（135）使用视觉讯息,无,"观察：
- 儿童是否能恰当地使用视觉讯息？","行为特征
-非语言",CMB,"2- 使用视觉讯息较其他媒介有更恰当的反应
1- 不是很专心看东西，但对视觉刺激物会重复
检视
0- 对视觉刺激物没有反应或只进行自我视觉刺
激行为",2/1/0,OCR草稿，需人工校对
136,（136） 单独玩要时能恰当地使用空间 及材料,44,PEP-3使用册(1).pdf,"（136） 单独玩要时能恰当地使用空间
及材料",无,"观察：
- 儿童单独玩耍是否有困难？
儿童是否没有组织地玩耍或沉迷于
刻板而重复的行为？
儿童是否表现得过分活跃，或对外
界抽离而任何事也不做？
儿童是否对巡视房间周围环境及玩
弄测试材料缺乏兴趣？
当测试员对空间及材料的使用没有
作出安排时，儿童是否会沉醉在古
怪的自我刺激行为中？","行为特征
-非语言",CMB,"2- 能适当地单独玩耍，儿童利用空间及材料的
方式，皆合符儿童的实际年龄应有的表现
1- 有点儿不适当地玩耍；或对玩耍没有兴趣
0-不适当地玩耍，变得十分活跃、烦躁不安或
伤感、沉醉于自我刺激的行为中，或不恰当
地使用材料",2/1/0,OCR草稿，需人工校对
137,（137）恰当地探索测试房间的环境,44,PEP-3使用册(1).pdf,（137）恰当地探索测试房间的环境,无,"观察：
一 儿童如何探索测试房间的环境？","行为特征
-非语言",CMB,"2- 适当地探索周围环境
1-长时间、不寻常地表现得不安定；或毫无兴
趣去探索环境
0- 以过分重复或夸张的形式去探索环境。行为
不寻常，包括重复而持续地爬行，前后踱步
或四处触摸",2/1/0,OCR草稿，需人工校对
138,（138）恰当地对声音作出反应,44,PEP-3使用册(1).pdf,（138）恰当地对声音作出反应,无,"观察：
- 儿童对手摇铃的声音是否有不寻常
的反应？
- 儿童是否十分容易受外界声音影响
而分心？
- 儿童是否对声音没有反应？","行为特征
-非语言",CMB,"2- 对不同声音作出适当的反应
1- 有时会受声音影响而分心：或有时会对声音
没有反应
0- 对测试员的声音反应不恰当，很容易受其他
声音骚扰：或对外来声音过于敏感/无反应",2/1/0,OCR草稿，需人工校对
139,（139）恰当地探索不同质感,44,PEP-3使用册(1).pdf,（139）恰当地探索不同质感,无,"观察：
- 儿童对不同质感的物件有怎样的反
应？
- 儿童对某类质地或物件表面是否表
现出过分感兴趣？","行为特征
-非语言",CMB,"2- 对质感有正常的兴趣
1- 过度喜欢或拒绝触摸不同质感的物件，但可
让测试员干预其行为
0- 对质感有过度或怪异的兴趣。不寻常的行为
包括将物件的表面不断摩擦自己的面部，持
续或重复地去触碰有质感的物件（触觉块、手
偶）：或强烈地拒绝触碰某些物件",2/1/0,OCR草稿，需人工校对
140,（140）怡当地使用味觉,44,PEP-3使用册(1).pdf,（140）怡当地使用味觉,无,"观察：
- 儿童是否不恰当地去尝、咬或舔材
料？","行为特征
-非语言",CMB,"2- 没有不恰当地尝、咬或舔材料的行为
1- 较同龄儿童较多尝、咬或舔物件的行为
0- 有不恰当地尝、咬或舔物件的行为",2/1/0,OCR草稿，需人工校对
141,（141） 对嗅觉有恰当的兴趣,45,PEP-3使用册(1).pdf,（141） 对嗅觉有恰当的兴趣,无,"观察：
- 儿童是否不恰当地去嗅物件或材
料？","行为特征
-非语言",CMB,"2- 儿童对于使用嗅觉的兴趣，属于正常的范围
1- 儿童对于使用嗅觉的兴趣，有轻度的沉迷
0-对材料、物件或双手的气味，表现出过度的
兴趣",2/1/0,OCR草稿，需人工校对
142,（142）完成大部分适龄的测试项目,45,PEP-3使用册(1).pdf,（142）完成大部分适龄的测试项目,无,"观察：
- 儿童在进行模仿、需完成指定工作
的项目及语言项目时，是否会表现
出混乱而不知所措？","行为特征
-非语言",CMB,"2- 有组织地进行各项测试，儿童的表现与其年
龄相符
1- 所表现的组织能力并不一致，常需要测试员
的协助及提示
0- 不清楚测试项目的要求或测试项目何时完
结，或不能有逻辑地进行各项步骤；或表现
出短暂的专注力，及反复或不寻常的行为（例
如：由桌子上跳下、发出怪声、古怪面部表
情、拍双手、自转）",2/1/0,OCR草稿，需人工校对
143,（143） 能使用语言或手势求助,45,PEP-3使用册(1).pdf,（143） 能使用语言或手势求助,无,"观察：
- 在测试期间，儿童会否用手势或语
言向测试员求助？",语言表达,EL,"2- 能用语言或手势求助
1- 望向测试员但没有作出清晰的手势示意求
助：或需要测试员提示才能传达需要
0- 没有尝试求助",2/1/0,OCR草稿，需人工校对
144,（144）没有不怡当地重复刚听到的字,45,PEP-3使用册(1).pdf,"（144）没有不怡当地重复刚听到的字
词或片语",无,"观察：
- 儿童是否不恰当地重复刚听到的字
词或片语？","行为特征
-语言",CVB,"（若儿童未能使用口语，此项评为NA）
2- 除非在适合的情况，否则儿童不会重复刚听
到的字词或片语
1- 偶然会不恰当地重复刚听到的字词或片语
0- 经常不恰当地重复刚听到的字词或片语",2/1/0,OCR草稿，需人工校对
145,（145）没有持续地重复某些字词或声音,45,PEP-3使用册(1).pdf,（145）没有持续地重复某些字词或声音,无,"观察：
- 儿童会否不断重复某些字词或发出
同样的声音？","行为特征
-语言",CVB,"（若儿童未能使用口语，此项评为NA）
2- 不会持续地重复某些字词或声音
1- 偶然会持续地重复某些字词或声音
0- 经常会持续地重复某些字词或声音",2/1/0,OCR草稿，需人工校对
146,（146） 表现恰当的说话语调、声量和,45,PEP-3使用册(1).pdf,"（146） 表现恰当的说话语调、声量和
速度",无,"观察：
- 儿童的说话方式（即语调、声量及
说话速度等）是否不寻常？","行为特征
-语言",CVB,"（若儿童未能使用口语，此项评为NA）
2- 儿童的语调有适当的变化，说话的声量及速
度均属正常
1- 儿童的语调缺乏变化，说话的声量及速度太
快、太慢或时快时慢
0- 儿童的语调、声量及速度明显地表现异常，
即说话时的语调怪异、平板、机械化或如唱
歌般唱出来：音调过高或声线沙哑",2/1/0,OCR草稿，需人工校对
147,（147）没有无意义的声音（玩声）,46,PEP-3使用册(1).pdf,（147）没有无意义的声音（玩声）,无,"观察：
- 儿童有否重复发出无意义或无法让
人理解的声音？","行为特征
-语言",CVB,"（若儿童未能使用口语，此项评为NA）
2- 没有无意义的玩声
1-即使年龄已超过一岁半，仍偶然发出无意义
的玩声
0-即使年龄已超过一岁半，仍经常发出无意义
的玩声",2/1/0,OCR草稿，需人工校对
148,（148）使用与其年龄相符的词汇沟通,46,PEP-3使用册(1).pdf,（148）使用与其年龄相符的词汇沟通,无,"观察：
- 儿童会否使用无意义的说话？","行为特征
-语言",CVB,"（若儿童的实际年龄低于1½岁；或未能使用口
语，此项评为NA）
2- 儿童能运用与其年龄相符的词汇，并符合当
时说话的情境，与人有效地以口语沟通
1- 虽然间中能运用恰当的语句，但词汇运用与
同龄者相比较弱
0- 语句运用得不恰当，说话并不能有效地表达
需要；或未能运用语句作沟通。说话可能含
一些异常的语句，例如：刻板地重复电视节
目中的语句或歌曲，或持续地以不恰当的词
汇去形容物件或环境",2/1/0,OCR草稿，需人工校对
149,（149）没有说奇异语句与自创语,46,PEP-3使用册(1).pdf,（149）没有说奇异语句与自创语,无,"观察：
- 儿童是否经常只说自创语（即无意
义且含糊不清的语句）或怪僻语句
（该儿童独有的异常言语）？","行为特征
-语言",CVB,"（若儿童的实际年龄低于1½岁；或未能使用口
语，此项评为NA）
2- 儿童能运用符合当时环境的词汇和语句
1- 虽然有沟通性的语言，但偶然会用无意义的
词汇或说话
0- 经常使用自创语或怪僻语句，一些自创用法
的语句（例如：儿童用「熄灯」代替说「你要
走」）",2/1/0,OCR草稿，需人工校对
150,（150）与年龄相符的发音能力,46,PEP-3使用册(1).pdf,（150）与年龄相符的发音能力,无,"观察：
- 儿童的发音是否正确，说话是否清
晰？","行为特征
-语言",CVB,"（若儿童的实际年龄低于2岁；或未能使用口语，
此项评为NA）
2- 儿童的发音清晰，容易被人理解
1- 因发音含糊不准确，以致说话不清，儿童的
话有时较鸡理解
0-因发音不正确及说话不清晰，以致难以理解",2/1/0,OCR草稿，需人工校对
151,（151）与年龄相符的自发性沟通,47,PEP-3使用册(1).pdf,（151）与年龄相符的自发性沟通,无,"观察：
- 儿童说话的内容是否实用及切合情
况？
- 儿童是否未能或不愿提问或回答问
题？
- 儿童说话的内容是否缺乏变化或自
发性？
- 儿童是否完全欠缺自发性的说话？","行为特征
-语言",CVB,"2- 能使用多种有效及自发性的说话来传达意念
或提问
1- 表现羞怯，甚少自发地或双向地沟通，但在
鼓励下可作出有限度的反应
0-完全没有任何自发性的、有效的或合适的沟
通；或不恰当及沉迷地说某一话题",2/1/0,OCR草稿，需人工校对
152,（152）与测试员主动沟通,47,PEP-3使用册(1).pdf,（152）与测试员主动沟通,无,"观察：
- 儿童在测试期间有否和测试员主动
沟通？","行为特征
-语言",CVB,"2- 能主动沟通
1- 在没有提示下很少能沟通
0-在提示下也未能沟通",2/1/0,OCR草稿，需人工校对
153,（153）与测试员持续对话,47,PEP-3使用册(1).pdf,（153）与测试员持续对话,无,"观察：
- 儿童在测试期间能否与测试员维持
来回多过一次的对话（即测试员和
儿童能一来一往的轮流对话）","行为特征
-语言",CVB,"2- 能持续来回多过一次的对话
1-能回应测试员，但不能开展对话
0- 没有回应测试员的说话",2/1/0,OCR草稿，需人工校对
154,（154） 与测试员合作,47,PEP-3使用册(1).pdf,（154） 与测试员合作,无,"观察：
- 儿童是否未能对测试员的要求作出
合作的表现？
当儿童不明白或未能做到测试员的
要求时，能否作出明确的表示？",社交互动,SR,"2- 除非该儿童未能明白或未有能力做到测试员
的要求，否则儿童均能遵从测试员的要求及
尝试与测试员合作。当项目太困难或不清楚
时，儿童会作出明确表示
1- 中度的反抗：或儿童的合作表现显得古怪或
反复
0- 过分反抗；或儿童的合作表现显得古或反
覆，极少尝试与测试员合作",2/1/0,OCR草稿，需人工校对
155,（155） 语句组织能力,47,PEP-3使用册(1).pdf,（155） 语句组织能力,无,"观察：
— 在儿童使用的片语或句子中，字词
的次序是否经常出现混乱？",语言表达,EL,"2- 能将所用的字词以正确的次序组织语句：即
使出现混淆，儿童所犯的错误与其他同龄儿
童的相符
1- 间中会混淆字词的次序；所发生错误的次数
较其同龄儿童为多
0- 经常混淆字词的次序，所发生错误的次数较
其他同龄儿童明显多；*或未能使用双词或
以上的语句*",2/1/0,OCR草稿，需人工校对
156,（156） 用面部表情表达情感,48,PEP-3使用册(1).pdf,（156） 用面部表情表达情感,无,"观察：
- 在测试过程中，儿童是否能用面部
表情清晰地表达情感？",情感表达,AE,"2- 能使用面部表情清晰地表达情感（开心、不开
心、惊恐、伤心）
1- 面部表情很少转变，但面部表情大致能配合
其情感
0- 面部表情没有转变：或不与他人沟通",2/1/0,OCR草稿，需人工校对
157,（157）用身体语言表达情感,48,PEP-3使用册(1).pdf,（157）用身体语言表达情感,无,"观察：
- 在测试过程中，儿童有否透过身体
语言/ 姿势表达情感？",情感表达,AE,"2-能有意思地运用身体语言/姿势与他人沟通
1-很少有意思地运用身体语言/姿势与他人沟通
0- 会转换身体姿势，但没有传达出明显沟通的
意思",2/1/0,OCR草稿，需人工校对
158,（158）情绪表达,48,PEP-3使用册(1).pdf,（158）情绪表达,无,"观察：
- 在测试过程中，儿童有否表达他/
她的情绪？",情感表达,AE,"2- 儿童所表达的情绪与环境相符
1- 能表达少许情绪，但整体上表现较害羞及需
要他人鼓励才表达
0- 没有表达恰当的情绪",2/1/0,OCR草稿，需人工校对
159,（159） 恰当的情感,48,PEP-3使用册(1).pdf,（159） 恰当的情感,无,"观察：
- 儿童的情感表现有何特质？
- 儿童是否缺乏符合其年龄的情感反
应？
- 儿童与测试员交往是否不恰当？",情感表达,AE,"2- 在整个测试期间，儿童对测试员及测试材料
有适当的情感表达和反应
1- 儿童有轻微不恰当的情感反应；或有限的情
感变化
0-儿童在整个测试期间，大部分时间均表现出
不恰当的情感反应。（不寻常的行为包括刻板
或缺乏变化的面部表情、过度幼稚或傻笑，
无原因而急促地改爱面部表情、面部肌肉抽
动，或对测试员缺乏任何情感反应）",2/1/0,OCR草稿，需人工校对
160,（160） 恐惧的反应,48,PEP-3使用册(1).pdf,（160） 恐惧的反应,无,"观察：
- 儿童是否在恐惧的情况下有不恰当
的反应？
- 在应有恐惧表现的情况下，儿童是
否缺乏应有的表现？
- 儿童对恐惧的反应是否过分或不
当？
- 儿童与亲人分离时的反应如何？",情感表达,AE,"评注：对于年幼之儿童，有很多事情也会引起正
常的恐惧及焦虑。评分时，可考虑某些性
格特质所引致的正常反应，例如：盖怯；
及明白部分儿童会较其他儿童有较多与人
分离的经验
2- 表现出适龄的恐惧反应，而且容易被安抚
1-表现出多于同龄儿童的惊恐反应
0- 对应恐惧的情况无所畏惧；或表现出过分恐
惧，及很难在安抚下平静下来",2/1/0,OCR草稿，需人工校对
161,（161）合乎年龄的专注力,49,PEP-3使用册(1).pdf,（161）合乎年龄的专注力,无,"观察：
- 儿童对测试员、测试材料及测试项
目的专注力是否与其实际年龄不相
符？
- 当测试员尝试改善儿童的专注力
时，儿童是否会表现出异常的挫败
感？",情感表达,AE,"2- 儿童的专注能力属正常范围（注意：年幼儿童
的专注力会较年长的儿童为弱）
1- 专注能力有限，与年纪较小的儿童的特性相
似
0-专注能力太弱，未能与测试员合作或完成简
单的项目：儿童的注意力容易被分散；或当
被要求专注或项目需要集中注意力时，表现
出过分的挫败感",2/1/0,OCR草稿，需人工校对
162,（162）从容地转换活动,49,PEP-3使用册(1).pdf,（162）从容地转换活动,无,"观察：
- 当测试员拿走儿童感兴趣之测试材
料或转换活动时，儿童会有怎样的
反应？
一儿童是否有异常的挫败感及困扰？","行为特征
-非语言",CMB,"2- 能忍受测试员转换活动，且在喜爱的物件被
拿走时，不会表现出特别困扰
1- 虽然儿童在转换活动或物件被拿走时表现得
有困难，但仍可接纳
0- 不能忍受转变或干扰，对干扰的反应可能是
大哭、大叫、扑拍双手，面容歪扭、发脾气
或撞头等等",2/1/0,OCR草稿，需人工校对
163,（163）自我改正,49,PEP-3使用册(1).pdf,（163）自我改正,无,"观察：
- 儿童是否能自发地透过「尝试一错
误法」去解决困难？
- 在测试员鼓励下儿童能否尝试改正
错误？",情感表达,AE,"2- 能自发地用「尝试一错误法」达至某程度之成
功
1- 需测试员提示下才能成功地作出一些改正
0- 没有尝试去改正错误",2/1/0,OCR草稿，需人工校对
164,（164）活动持久性,49,PEP-3使用册(1).pdf,（164）活动持久性,无,"观察：
- 儿童是否缺乏能力、动机或正常兴
趣完成适龄活动？",情感表达,AE,"2- 儿童对能成功完成活动表现持续的动机；对
符合其发展年龄的活动有适当的兴趣
1- 儿童只会间中或有限地对于成功完成活动表
现有兴趣
0- 对完成项目不感兴趣：或对成功的表现缺乏
满足感",2/1/0,OCR草稿，需人工校对
165,（165） 分享兴趣,49,PEP-3使用册(1).pdf,（165） 分享兴趣,无,"观察：
- 儿童会否把测试员的注意转移至自
己有兴趣的东西或自己的能力上？",情感表达,AE,"2- 能常常向测试员展示自己有兴趣的东西和自
己能做到的事
1- 能常常展示出自己喜欢的东西或能力，但没
有理会别人的反应
0- 只能自己重复某些活动而忽略所有其他活动",2/1/0,OCR草稿，需人工校对
166,（166） 保持眼神接触,50,PEP-3使用册(1).pdf,（166） 保持眼神接触,无,"观察：
- 儿童有否逃避与测试员的眼神接
触？",社交互动,SR,"2- 有足够的眼神接触
1- 当儿童有兴趣交往时，眼神接触也是短暂及
不稳定的
0- 持续或过分逃避与测试员眼神接触",2/1/0,OCR草稿，需人工校对
167,（167）对测试员的声音有反应,50,PEP-3使用册(1).pdf,（167）对测试员的声音有反应,无,"观察：
- 在测试过程中，儿童能否对测试员
的声音作出反应？
- 儿童是否能在测试员呼唤下作出适
当的回应？",社交互动,SR,"2- 对测试员的声音作出适当的（口语或非口语）
反应（例如：眨眼、转头望向测试员、回答测
试员「好」、或返回座位等等）
1- 对测试员的声音回应不稳定，间中会留意测
试员的声音，或相隔一段时间才回应
0-未能对测试员的声音作出适当的反应，包括
未能以口语/非口语表达其听到测试员的声音",2/1/0,OCR草稿，需人工校对
168,（168）向测试员求助,50,PEP-3使用册(1).pdf,（168）向测试员求助,无,"观察：
- 儿童是否未能或拒绝就测试项目及
个人需要（系鞋带、索取饮品、要
求物品、如厕等）用语言或手势求
助？
- 根据儿童的年龄，儿童是否在这些
事情上要求过多的协助？",社交互动,SR,"2- 适当地以说话或手势提出要求
1- 即使在有需要时，甚少以说话或手势提出要
求；或间接以手势求助
0- 从不以说话或手势求助；或过多的求助",2/1/0,OCR草稿，需人工校对
169,（169） 动作及动静,50,PEP-3使用册(1).pdf,（169） 动作及动静,无,"观察：
- 在进行结构性的活动及非结构性的
活动时，儿童如何运用自己的身
体？","行为特征
-非语言",CMB,"2- 虽然儿童可能会有轻微的动作协调问题，但
无异、重复性的特异动作或刻板行为
1- 有时有轻微的异身体动作
0- 经常或过多地表现怪异的身体动作，如异常
的重复性动作（自转、摇摆）、将手指或身体
扭曲成特定姿势、用脚尖走路或做出自我伤
害行为",2/1/0,OCR草稿，需人工校对
170,（170）能恰当地回应测试员,50,PEP-3使用册(1).pdf,（170）能恰当地回应测试员,无,"观察：
-儿童是否未察觉到测试员的存
在？
一 儿童是否未能对测试员的声音、眼
神接触、赞赏及微笑作出反应？",社交互动,SR,"2- 对测试员的声音、眼神接触、赞赏及微笑作
出适当反应
1- 稍欠缺社交反应，包括眼神接触；或甚少引
发社交接触，必须由测试员介入才能引发交
往
0- 不察觉到或甚少对测试员作出反应，表现孤
癖，对测试员视而不见，经常需测试员介入
才能引发交往",2/1/0,OCR草稿，需人工校对
171,（171） 对物质奖励有反应,51,PEP-3使用册(1).pdf,（171） 对物质奖励有反应,无,"观察：
-儿童是否对物质奖励（例如：玩
具、书本、糖果、果汁、小吃等）
有兴趣及因物质奖励而增强动机？
- 儿童是否从把玩物件或感官刺激而
获得满足感？",社交互动,SR,"2- 对物质奖励表现出一致及恰当的兴趣和反
应，儿童经奖励后，他们的表现会因此更
佳；或儿童存有内在动机，可以在不期待和
不需要奖励的情况下完成测试
1-对物质奖励的反应前后不一，儿童对测试项
目的兴趣会因奖励而暂时提高，但不持久
0- 不会为物质奖励所吸引，利用食物或儿童喜
欢的物件也不能提升儿童对测试项目的投入",2/1/0,OCR草稿，需人工校对
172,（172）对社交赞赏有反应,51,PEP-3使用册(1).pdf,（172）对社交赞赏有反应,无,"观察：
一儿童对测试员的社交赞赏是否留意
及感兴趣？",社交互动,SR,"2- 享受而且会因社交奖励的鼓励而加强动机
1- 对社交赞赏的反应轻微或前后反应不一
0-对社交赞赏缺乏反应或有负面的反应",2/1/0,OCR草稿，需人工校对
